panel_id,image,box_index,class_id,class_name,osd_area_ratio,osd_pixels,threshold
P1,A1_B1_P1_2022-05-12_IR1_00001,0,2,mold_tr_contact,0.0244,17,0.3
P1,A1_B1_P1_2022-05-12_IR1_00001,1,0,core_iron,0.0005,2,0.3
P1,A1_B1_P1_2022-05-12_IR1_00001,2,2,mold_tr_contact,0.0244,17,0.3
P1,A1_B1_P1_2022-05-12_IR1_00001,7,2,mold_tr_contact,0.0250,7,0.3
P1,A1_B1_P1_2022-05-12_IR1_00002,1,1,epoxy_surface,0.0086,60,0.3
P1,A1_B1_P1_2022-05-12_IR1_00002,2,1,epoxy_surface,0.0086,59,0.3
P1,A1_B1_P1_2022-05-12_IR1_00002,3,1,epoxy_surface,0.0028,19,0.3
P1,A1_B1_P1_2022-05-12_IR1_00003,0,2,mold_tr_contact,0.0281,13,0.3
P1,A1_B1_P1_2022-05-12_IR1_00003,2,2,mold_tr_contact,0.0256,15,0.3
P1,A1_B1_P1_2022-05-12_IR1_00003,3,0,core_iron,0.0041,15,0.3
P1,A1_B1_P1_2022-05-12_IR1_00003,4,0,core_iron,0.0381,144,0.3
P1,A1_B1_P1_2022-05-12_IR1_00003,5,2,mold_tr_contact,0.0376,22,0.3
P1,A1_B1_P1_2022-05-12_IR1_00004,0,1,epoxy_surface,0.0130,75,0.3
P1,A1_B1_P1_2022-05-12_IR1_00004,4,1,epoxy_surface,0.0029,17,0.3
P1,A1_B1_P1_2022-05-12_IR1_00004,5,1,epoxy_surface,0.0127,74,0.3
P1,A1_B1_P1_2022-05-12_IR1_00005,1,1,epoxy_surface,0.0123,76,0.3
P1,A1_B1_P1_2022-05-12_IR1_00005,2,1,epoxy_surface,0.0015,8,0.3
P1,A1_B1_P1_2022-05-12_IR1_00005,7,1,epoxy_surface,0.0125,75,0.3
P1,A1_B1_P1_2022-05-12_IR1_00006,0,1,epoxy_surface,0.0060,75,0.3
P1,A1_B1_P1_2022-05-12_IR1_00006,1,1,epoxy_surface,0.0081,100,0.3
P1,A1_B1_P1_2022-05-12_IR1_00006,3,0,core_iron,0.0223,133,0.3
P1,A1_B1_P1_2022-05-12_IR1_00006,5,1,epoxy_surface,0.0016,20,0.3
P1,A1_B1_P1_2022-05-12_IR1_00006,6,2,mold_tr_contact,0.0279,18,0.3
P1,A1_B1_P1_2022-05-12_IR1_00007,0,1,epoxy_surface,0.0131,79,0.3
P1,A1_B1_P1_2022-05-12_IR1_00007,1,1,epoxy_surface,0.0093,93,0.3
P1,A1_B1_P1_2022-05-12_IR1_00007,4,0,core_iron,0.0051,26,0.3
P1,A1_B1_P1_2022-05-12_IR1_00008,0,1,epoxy_surface,0.0085,93,0.3
P1,A1_B1_P1_2022-05-12_IR1_00008,1,0,core_iron,0.0061,30,0.3
P1,A1_B1_P1_2022-05-12_IR1_00008,2,2,mold_tr_contact,0.0244,19,0.3
P1,A1_B1_P1_2022-05-12_IR1_00008,3,2,mold_tr_contact,0.0092,7,0.3
P1,A1_B1_P1_2022-05-12_IR1_00008,5,1,epoxy_surface,0.0186,113,0.3
P1,A1_B1_P1_2022-05-12_IR1_00009,0,0,core_iron,0.0040,20,0.3
P1,A1_B1_P1_2022-05-12_IR1_00009,1,1,epoxy_surface,0.0176,152,0.3
P1,A1_B1_P1_2022-05-12_IR1_00009,2,2,mold_tr_contact,0.0185,14,0.3
P1,A1_B1_P1_2022-05-12_IR1_00009,3,1,epoxy_surface,0.0074,93,0.3
P1,A1_B1_P1_2022-05-12_IR1_00009,4,2,mold_tr_contact,0.0046,5,0.3
P1,A1_B1_P1_2022-05-12_IR1_00009,5,2,mold_tr_contact,0.0176,20,0.3
P1,A1_B1_P1_2022-05-12_IR1_00010,0,0,core_iron,0.0026,12,0.3
P1,A1_B1_P1_2022-05-12_IR1_00010,1,1,epoxy_surface,0.0202,124,0.3
P1,A1_B1_P1_2022-05-12_IR1_00010,2,2,mold_tr_contact,0.0511,46,0.3
P1,A1_B1_P1_2022-05-12_IR1_00010,3,2,mold_tr_contact,0.0139,13,0.3
P1,A1_B1_P1_2022-05-12_IR1_00010,4,1,epoxy_surface,0.0070,91,0.3
P1,A1_B1_P1_2022-05-12_IR1_00011,0,1,epoxy_surface,0.0150,166,0.3
P1,A1_B1_P1_2022-05-12_IR1_00011,1,0,core_iron,0.0018,10,0.3
P1,A1_B1_P1_2022-05-12_IR1_00011,2,2,mold_tr_contact,0.0176,17,0.3
P1,A1_B1_P1_2022-05-12_IR1_00011,3,2,mold_tr_contact,0.0154,13,0.3
P1,A1_B1_P1_2022-05-12_IR1_00011,4,2,mold_tr_contact,0.0752,79,0.3
P1,A1_B1_P1_2022-05-12_IR1_00011,5,1,epoxy_surface,0.0067,93,0.3
P1,A1_B1_P1_2022-05-12_IR1_00012,0,2,mold_tr_contact,0.0191,21,0.3
P1,A1_B1_P1_2022-05-12_IR1_00012,1,2,mold_tr_contact,0.0194,20,0.3
P1,A1_B1_P1_2022-05-12_IR1_00012,2,1,epoxy_surface,0.0069,92,0.3
P1,A1_B1_P1_2022-05-12_IR1_00012,3,1,epoxy_surface,0.0150,165,0.3
P1,A1_B1_P1_2022-05-12_IR1_00012,4,0,core_iron,0.0036,21,0.3
P1,A1_B1_P1_2022-05-12_IR1_00012,5,2,mold_tr_contact,0.0102,11,0.3
P1,A1_B1_P1_2022-05-12_IR1_00013,0,1,epoxy_surface,0.0170,134,0.3
P1,A1_B1_P1_2022-05-12_IR1_00013,1,0,core_iron,0.0068,58,0.3
P1,A1_B1_P1_2022-05-12_IR1_00013,2,2,mold_tr_contact,0.0152,18,0.3
P1,A1_B1_P1_2022-05-12_IR1_00013,3,1,epoxy_surface,0.0090,93,0.3
P1,A1_B1_P1_2022-05-12_IR1_00013,5,2,mold_tr_contact,0.0019,2,0.3
P1,A1_B1_P1_2022-05-12_IR1_00013,7,1,epoxy_surface,0.0102,88,0.3
P1,A1_B1_P1_2022-05-12_IR1_00014,0,2,mold_tr_contact,0.0051,6,0.3
P1,A1_B1_P1_2022-05-12_IR1_00014,1,1,epoxy_surface,0.0187,149,0.3
P1,A1_B1_P1_2022-05-12_IR1_00014,2,2,mold_tr_contact,0.0080,7,0.3
P1,A1_B1_P1_2022-05-12_IR1_00014,3,1,epoxy_surface,0.0071,93,0.3
P1,A1_B1_P1_2022-05-12_IR1_00014,4,1,epoxy_surface,0.0027,35,0.3
P1,A1_B1_P1_2022-05-12_IR1_00014,5,0,core_iron,0.0032,24,0.3
P1,A1_B1_P1_2022-05-12_IR1_00014,7,2,mold_tr_contact,0.0184,23,0.3
P1,A1_B1_P1_2022-05-12_IR1_00015,0,2,mold_tr_contact,0.0015,2,0.3
P1,A1_B1_P1_2022-05-12_IR1_00015,1,2,mold_tr_contact,0.0072,8,0.3
P1,A1_B1_P1_2022-05-12_IR1_00015,2,2,mold_tr_contact,0.0367,44,0.3
P1,A1_B1_P1_2022-05-12_IR1_00015,3,1,epoxy_surface,0.0078,93,0.3
P1,A1_B1_P1_2022-05-12_IR1_00015,4,1,epoxy_surface,0.0135,96,0.3
P1,A1_B1_P1_2022-05-12_IR1_00015,5,1,epoxy_surface,0.0042,49,0.3
P1,A1_B1_P1_2022-05-12_IR1_00015,6,0,core_iron,0.0040,30,0.3
P1,A1_B1_P1_2022-05-12_IR1_00016,0,2,mold_tr_contact,0.0011,1,0.3
P1,A1_B1_P1_2022-05-12_IR1_00016,1,2,mold_tr_contact,0.0401,36,0.3
P1,A1_B1_P1_2022-05-12_IR1_00016,2,2,mold_tr_contact,0.0074,5,0.3
P1,A1_B1_P1_2022-05-12_IR1_00016,3,1,epoxy_surface,0.0077,92,0.3
P1,A1_B1_P1_2022-05-12_IR1_00016,4,1,epoxy_surface,0.0047,61,0.3
P1,A1_B1_P1_2022-05-12_IR1_00016,5,1,epoxy_surface,0.0139,100,0.3
P1,A1_B1_P1_2022-05-12_IR1_00016,6,0,core_iron,0.0027,21,0.3
P1,A1_B1_P1_2022-05-12_IR1_00016,7,2,mold_tr_contact,0.0024,3,0.3
P1,A1_B1_P1_2022-05-12_IR1_00017,0,1,epoxy_surface,0.0062,96,0.3
P1,A1_B1_P1_2022-05-12_IR1_00017,1,1,epoxy_surface,0.0191,165,0.3
P1,A1_B1_P1_2022-05-12_IR1_00017,4,1,epoxy_surface,0.0023,36,0.3
P1,A1_B1_P1_2022-05-12_IR1_00017,5,0,core_iron,0.0164,143,0.3
P1,A1_B1_P1_2022-05-12_IR1_00018,0,0,core_iron,0.0047,44,0.3
P1,A1_B1_P1_2022-05-12_IR1_00018,1,1,epoxy_surface,0.0102,138,0.3
P1,A1_B1_P1_2022-05-12_IR1_00018,2,1,epoxy_surface,0.0069,96,0.3
P1,A1_B1_P1_2022-05-12_IR1_00018,3,1,epoxy_surface,0.0143,167,0.3
P1,A1_B1_P1_2022-05-12_IR1_00018,4,2,mold_tr_contact,0.0222,14,0.3
P1,A1_B1_P1_2022-05-12_IR1_00018,6,2,mold_tr_contact,0.0233,15,0.3
P1,A1_B1_P1_2022-05-12_IR1_00019,0,2,mold_tr_contact,0.0899,62,0.3
P1,A1_B1_P1_2022-05-12_IR1_00019,1,2,mold_tr_contact,0.0025,1,0.3
P1,A1_B1_P1_2022-05-12_IR1_00019,2,2,mold_tr_contact,0.0148,7,0.3
P1,A1_B1_P1_2022-05-12_IR1_00019,3,1,epoxy_surface,0.0158,146,0.3
P1,A1_B1_P1_2022-05-12_IR1_00019,4,1,epoxy_surface,0.0072,107,0.3
P1,A1_B1_P1_2022-05-12_IR1_00019,5,1,epoxy_surface,0.0090,119,0.3
P1,A1_B1_P1_2022-05-12_IR1_00019,6,2,mold_tr_contact,0.0311,21,0.3
P1,A1_B1_P1_2022-05-12_IR1_00019,7,0,core_iron,0.0048,45,0.3
P1,A1_B1_P1_2022-05-12_IR1_00020,0,1,epoxy_surface,0.0030,37,0.3
P1,A1_B1_P1_2022-05-12_IR1_00020,1,2,mold_tr_contact,0.0217,14,0.3
P1,A1_B1_P1_2022-05-12_IR1_00020,2,2,mold_tr_contact,0.0095,6,0.3
P1,A1_B1_P1_2022-05-12_IR1_00020,3,2,mold_tr_contact,0.0031,2,0.3
P1,A1_B1_P1_2022-05-12_IR1_00020,4,0,core_iron,0.0031,29,0.3
P1,A1_B1_P1_2022-05-12_IR1_00020,5,1,epoxy_surface,0.0077,103,0.3
P1,A1_B1_P1_2022-05-12_IR1_00020,7,1,epoxy_surface,0.0179,124,0.3
P1,A1_B1_P1_2022-05-12_IR1_00021,0,1,epoxy_surface,0.0087,118,0.3
P1,A1_B1_P1_2022-05-12_IR1_00021,1,2,mold_tr_contact,0.0185,7,0.3
P1,A1_B1_P1_2022-05-12_IR1_00021,2,0,core_iron,0.0044,35,0.3
P1,A1_B1_P1_2022-05-12_IR1_00021,4,1,epoxy_surface,0.0071,103,0.3
P1,A1_B1_P1_2022-05-12_IR1_00021,5,2,mold_tr_contact,0.0140,9,0.3
P1,A1_B1_P1_2022-05-12_IR1_00022,0,1,epoxy_surface,0.0129,122,0.3
P1,A1_B1_P1_2022-05-12_IR1_00022,1,2,mold_tr_contact,0.0128,9,0.3
P1,A1_B1_P1_2022-05-12_IR1_00022,2,0,core_iron,0.0037,17,0.3
P1,A1_B1_P1_2022-05-12_IR1_00022,3,1,epoxy_surface,0.0049,63,0.3
P1,A1_B1_P1_2022-05-12_IR1_00023,0,2,mold_tr_contact,0.0027,1,0.3
P1,A1_B1_P1_2022-05-12_IR1_00023,1,1,epoxy_surface,0.0172,125,0.3
P1,A1_B1_P1_2022-05-12_IR1_00023,2,1,epoxy_surface,0.0033,44,0.3
P1,A1_B1_P1_2022-05-12_IR1_00023,3,0,core_iron,0.0071,29,0.3
P1,A1_B1_P1_2022-05-12_IR1_00024,0,2,mold_tr_contact,0.0737,21,0.3
P1,A1_B1_P1_2022-05-12_IR1_00024,1,0,core_iron,0.0074,36,0.3
P1,A1_B1_P1_2022-05-12_IR1_00024,3,1,epoxy_surface,0.0124,123,0.3
P1,A1_B1_P1_2022-05-12_IR1_00024,4,1,epoxy_surface,0.0045,63,0.3
P1,A1_B1_P1_2022-05-12_IR1_00025,0,1,epoxy_surface,0.0064,94,0.3
P1,A1_B1_P1_2022-05-12_IR1_00025,2,0,core_iron,0.0179,97,0.3
P1,A1_B1_P1_2022-05-12_IR1_00025,3,1,epoxy_surface,0.0102,143,0.3
P1,A1_B1_P1_2022-05-12_IR1_00026,0,1,epoxy_surface,0.0103,105,0.3
P1,A1_B1_P1_2022-05-12_IR1_00026,1,2,mold_tr_contact,0.0174,15,0.3
P1,A1_B1_P1_2022-05-12_IR1_00026,2,0,core_iron,0.0025,16,0.3
P1,A1_B1_P1_2022-05-12_IR1_00026,3,1,epoxy_surface,0.0065,87,0.3
P1,A1_B1_P1_2022-05-12_IR1_00026,4,1,epoxy_surface,0.0101,120,0.3
P1,A1_B1_P1_2022-05-12_IR1_00026,5,2,mold_tr_contact,0.0270,17,0.3
P1,A1_B1_P1_2022-05-12_IR1_00026,6,2,mold_tr_contact,0.0207,17,0.3
P1,A1_B1_P1_2022-05-12_IR1_00027,0,1,epoxy_surface,0.0075,68,0.3
P1,A1_B1_P1_2022-05-12_IR1_00027,1,1,epoxy_surface,0.0139,56,0.3
P1,A1_B1_P1_2022-05-12_IR1_00027,2,0,core_iron,0.0055,34,0.3
P1,A1_B1_P1_2022-05-12_IR1_00027,4,2,mold_tr_contact,0.0133,17,0.3
P1,A1_B1_P1_2022-05-12_IR1_00028,0,0,core_iron,0.0054,34,0.3
P1,A1_B1_P1_2022-05-12_IR1_00028,1,2,mold_tr_contact,0.0055,8,0.3
P1,A1_B1_P1_2022-05-12_IR1_00028,2,2,mold_tr_contact,0.0376,55,0.3
P1,A1_B1_P1_2022-05-12_IR1_00028,3,1,epoxy_surface,0.0139,66,0.3
P1,A1_B1_P1_2022-05-12_IR1_00028,4,1,epoxy_surface,0.0073,69,0.3
P1,A1_B1_P1_2022-05-12_IR1_00029,0,2,mold_tr_contact,0.0069,10,0.3
P1,A1_B1_P1_2022-05-12_IR1_00029,1,0,core_iron,0.0078,34,0.3
P1,A1_B1_P1_2022-05-12_IR1_00029,2,1,epoxy_surface,0.0105,82,0.3
P1,A1_B1_P1_2022-05-12_IR1_00030,0,0,core_iron,0.0110,34,0.3
P1,A1_B1_P1_2022-05-12_IR1_00030,1,1,epoxy_surface,0.0121,85,0.3
P1,A1_B1_P1_2022-05-12_IR1_00030,2,2,mold_tr_contact,0.0330,41,0.3
P1,A1_B1_P1_2022-05-12_IR1_00031,0,0,core_iron,0.0160,49,0.3
P1,A1_B1_P1_2022-05-12_IR1_00031,1,1,epoxy_surface,0.0106,143,0.3
P1,A1_B1_P1_2022-05-12_IR1_00032,0,0,core_iron,0.0165,94,0.3
P1,A1_B1_P1_2022-05-12_IR1_00032,1,1,epoxy_surface,0.0028,46,0.3
P1,A1_B1_P1_2022-05-12_IR1_00032,2,1,epoxy_surface,0.0188,141,0.3
P1,A1_B1_P1_2022-05-12_IR1_00033,0,0,core_iron,0.0056,37,0.3
P1,A1_B1_P1_2022-05-12_IR1_00033,1,2,mold_tr_contact,0.0233,22,0.3
P1,A1_B1_P1_2022-05-12_IR1_00033,2,1,epoxy_surface,0.0108,132,0.3
P1,A1_B1_P1_2022-05-12_IR1_00033,3,1,epoxy_surface,0.0054,85,0.3
P1,A1_B1_P1_2022-05-12_IR1_00034,1,2,mold_tr_contact,0.0015,2,0.3
P1,A1_B1_P1_2022-05-12_IR1_00034,2,1,epoxy_surface,0.0186,111,0.3
P1,A1_B1_P1_2022-05-12_IR1_00034,3,1,epoxy_surface,0.0095,60,0.3
P1,A1_B1_P1_2022-05-12_IR1_00034,5,0,core_iron,0.0068,62,0.3
P1,A1_B1_P1_2022-05-12_IR1_00034,6,1,epoxy_surface,0.0102,96,0.3
P1,A1_B1_P1_2022-05-12_IR1_00035,0,2,mold_tr_contact,0.0125,19,0.3
P1,A1_B1_P1_2022-05-12_IR1_00035,2,1,epoxy_surface,0.0111,95,0.3
P1,A1_B1_P1_2022-05-12_IR1_00035,3,1,epoxy_surface,0.0107,83,0.3
P1,A1_B1_P1_2022-05-12_IR1_00035,4,2,mold_tr_contact,0.0183,11,0.3
P1,A1_B1_P1_2022-05-12_IR1_00035,5,0,core_iron,0.0043,31,0.3
P1,A1_B1_P1_2022-05-12_IR1_00035,6,2,mold_tr_contact,0.0237,42,0.3
P1,A1_B1_P1_2022-05-12_IR1_00036,0,2,mold_tr_contact,0.0020,3,0.3
P1,A1_B1_P1_2022-05-12_IR1_00036,1,1,epoxy_surface,0.0084,96,0.3
P1,A1_B1_P1_2022-05-12_IR1_00036,2,1,epoxy_surface,0.0048,54,0.3
P1,A1_B1_P1_2022-05-12_IR1_00036,3,1,epoxy_surface,0.0186,81,0.3
P1,A1_B1_P1_2022-05-12_IR1_00036,4,0,core_iron,0.0038,31,0.3
P1,A1_B1_P1_2022-05-12_IR1_00036,5,2,mold_tr_contact,0.0013,2,0.3
P1,A1_B1_P1_2022-05-12_IR1_00037,0,0,core_iron,0.0039,31,0.3
P1,A1_B1_P1_2022-05-12_IR1_00037,1,2,mold_tr_contact,0.0385,59,0.3
P1,A1_B1_P1_2022-05-12_IR1_00037,3,1,epoxy_surface,0.0017,2,0.3
P1,A1_B1_P1_2022-05-12_IR1_00037,4,1,epoxy_surface,0.0172,102,0.3
P1,A1_B1_P1_2022-05-12_IR1_00037,5,1,epoxy_surface,0.0108,65,0.3
P1,A1_B1_P1_2022-05-12_IR1_00038,0,1,epoxy_surface,0.0192,102,0.3
P1,A1_B1_P1_2022-05-12_IR1_00038,2,1,epoxy_surface,0.0264,70,0.3
P1,A1_B1_P1_2022-05-12_IR1_00038,3,0,core_iron,0.0068,61,0.3
P1,A1_B1_P1_2022-05-12_IR1_00038,5,1,epoxy_surface,0.0096,35,0.3
P1,A1_B1_P1_2022-05-12_IR1_00039,0,1,epoxy_surface,0.0134,123,0.3
P1,A1_B1_P1_2022-05-12_IR1_00039,1,0,core_iron,0.0044,31,0.3
P1,A1_B1_P1_2022-05-12_IR1_00039,5,1,epoxy_surface,0.0278,54,0.3
P1,A1_B1_P1_2022-05-12_IR1_00039,6,1,epoxy_surface,0.0075,65,0.3
P1,A1_B1_P1_2022-05-12_IR1_00040,0,2,mold_tr_contact,0.0045,5,0.3
P1,A1_B1_P1_2022-05-12_IR1_00040,1,1,epoxy_surface,0.0325,99,0.3
P1,A1_B1_P1_2022-05-12_IR1_00040,2,2,mold_tr_contact,0.0256,11,0.3
P1,A1_B1_P1_2022-05-12_IR1_00040,3,1,epoxy_surface,0.0057,67,0.3
P1,A1_B1_P1_2022-05-12_IR1_00040,4,1,epoxy_surface,0.0086,105,0.3
P1,A1_B1_P1_2022-05-12_IR1_00040,5,2,mold_tr_contact,0.0161,18,0.3
P1,A1_B1_P1_2022-05-12_IR1_00040,6,0,core_iron,0.0050,35,0.3
P1,A1_B1_P1_2022-05-12_IR1_00041,0,2,mold_tr_contact,0.0152,22,0.3
P1,A1_B1_P1_2022-05-12_IR1_00041,1,0,core_iron,0.0044,32,0.3
P1,A1_B1_P1_2022-05-12_IR1_00041,2,2,mold_tr_contact,0.0042,5,0.3
P1,A1_B1_P1_2022-05-12_IR1_00041,3,1,epoxy_surface,0.0048,55,0.3
P1,A1_B1_P1_2022-05-12_IR1_00041,4,1,epoxy_surface,0.0212,84,0.3
P1,A1_B1_P1_2022-05-12_IR1_00041,5,1,epoxy_surface,0.0081,93,0.3
P1,A1_B1_P1_2022-05-12_IR1_00041,6,2,mold_tr_contact,0.0200,22,0.3
P1,A1_B1_P1_2022-05-12_IR1_00042,0,2,mold_tr_contact,0.0111,10,0.3
P1,A1_B1_P1_2022-05-12_IR1_00042,1,1,epoxy_surface,0.0079,97,0.3
P1,A1_B1_P1_2022-05-12_IR1_00042,2,2,mold_tr_contact,0.0583,67,0.3
P1,A1_B1_P1_2022-05-12_IR1_00042,3,2,mold_tr_contact,0.0021,2,0.3
P1,A1_B1_P1_2022-05-12_IR1_00042,4,1,epoxy_surface,0.0097,113,0.3
P1,A1_B1_P1_2022-05-12_IR1_00042,5,0,core_iron,0.0065,62,0.3
P1,A1_B1_P1_2022-05-12_IR1_00042,6,1,epoxy_surface,0.0165,156,0.3
P1,A1_B1_P1_2022-05-12_IR1_00043,0,1,epoxy_surface,0.0118,99,0.3
P1,A1_B1_P1_2022-05-12_IR1_00043,1,1,epoxy_surface,0.0235,74,0.3
P1,A1_B1_P1_2022-05-12_IR1_00043,2,0,core_iron,0.0056,32,0.3
P1,A1_B1_P1_2022-05-12_IR1_00043,4,2,mold_tr_contact,0.0192,23,0.3
P1,A1_B1_P1_2022-05-12_IR1_00043,5,2,mold_tr_contact,0.0269,39,0.3
P1,A1_B1_P1_2022-05-12_IR1_00044,0,0,core_iron,0.0081,31,0.3
P1,A1_B1_P1_2022-05-12_IR1_00044,1,2,mold_tr_contact,0.0158,19,0.3
P1,A1_B1_P1_2022-05-12_IR1_00044,2,1,epoxy_surface,0.0133,115,0.3
P1,A1_B1_P1_2022-05-12_IR1_00044,3,2,mold_tr_contact,0.0155,23,0.3
P1,A1_B1_P1_2022-05-12_IR1_00045,0,2,mold_tr_contact,0.0493,84,0.3
P1,A1_B1_P1_2022-05-12_IR1_00045,1,0,core_iron,0.0088,31,0.3
P1,A1_B1_P1_2022-05-12_IR1_00045,2,1,epoxy_surface,0.0161,164,0.3
P1,A1_B1_P1_2022-05-12_IR1_00046,0,2,mold_tr_contact,0.0104,12,0.3
P1,A1_B1_P1_2022-05-12_IR1_00046,1,2,mold_tr_contact,0.0047,7,0.3
P1,A1_B1_P1_2022-05-12_IR1_00046,2,0,core_iron,0.0065,31,0.3
P1,A1_B1_P1_2022-05-12_IR1_00046,3,1,epoxy_surface,0.0083,98,0.3
P1,A1_B1_P1_2022-05-12_IR1_00046,4,1,epoxy_surface,0.0186,131,0.3
P1,A1_B1_P1_2022-05-12_IR1_00046,5,2,mold_tr_contact,0.0184,22,0.3
P1,A1_B1_P1_2022-05-12_IR1_00047,0,0,core_iron,0.0087,31,0.3
P1,A1_B1_P1_2022-05-12_IR1_00047,1,2,mold_tr_contact,0.0035,3,0.3
P1,A1_B1_P1_2022-05-12_IR1_00047,3,1,epoxy_surface,0.0151,114,0.3
P1,A1_B1_P1_2022-05-12_IR1_00048,2,2,mold_tr_contact,0.0476,45,0.3
P1,A1_B1_P1_2022-05-12_IR1_00048,3,0,core_iron,0.0065,27,0.3
P1,A1_B1_P1_2022-05-12_IR1_00048,4,1,epoxy_surface,0.0175,96,0.3
P1,A1_B1_P1_2022-05-12_IR1_00048,5,1,epoxy_surface,0.0352,56,0.3
P1,A1_B1_P1_2022-05-12_IR1_00049,3,1,epoxy_surface,0.0049,7,0.3
P1,A1_B1_P1_2022-05-12_IR1_00049,5,0,core_iron,0.0236,174,0.3
P1,A1_B1_P1_2022-05-12_IR1_00050,4,0,core_iron,0.0196,174,0.3
P1,A1_B1_P1_2022-05-12_IR1_00051,4,0,core_iron,0.0195,159,0.3
P1,A1_B1_P1_2022-05-12_IR1_00052,0,1,epoxy_surface,0.0070,142,0.3
P1,A1_B1_P1_2022-05-12_IR1_00052,1,1,epoxy_surface,0.0146,271,0.3
P1,A1_B1_P1_2022-05-12_IR1_00052,2,0,core_iron,0.0186,59,0.3
P1,A1_B1_P1_2022-05-12_IR1_00053,0,1,epoxy_surface,0.0163,262,0.3
P1,A1_B1_P1_2022-05-12_IR1_00053,1,1,epoxy_surface,0.0078,142,0.3
P1,A1_B1_P1_2022-05-12_IR1_00053,2,0,core_iron,0.0223,89,0.3
P1,A1_B1_P1_2022-05-12_IR1_00054,0,1,epoxy_surface,0.0080,139,0.3
P1,A1_B1_P1_2022-05-12_IR1_00054,1,0,core_iron,0.0212,81,0.3
P1,A1_B1_P1_2022-05-12_IR1_00054,2,1,epoxy_surface,0.0159,263,0.3
P1,A1_B1_P1_2022-05-12_IR1_00055,0,1,epoxy_surface,0.0154,280,0.3
P1,A1_B1_P1_2022-05-12_IR1_00055,1,1,epoxy_surface,0.0114,207,0.3
P1,A1_B1_P1_2022-05-12_IR1_00055,2,1,epoxy_surface,0.0078,141,0.3
P1,A1_B1_P1_2022-05-12_IR1_00056,0,1,epoxy_surface,0.0080,146,0.3
P1,A1_B1_P1_2022-05-12_IR1_00056,1,1,epoxy_surface,0.0096,153,0.3
P1,A1_B1_P1_2022-05-12_IR1_00056,3,1,epoxy_surface,0.0151,274,0.3
P1,A1_B1_P1_2022-05-12_IR1_00057,0,1,epoxy_surface,0.0110,196,0.3
P1,A1_B1_P1_2022-05-12_IR1_00057,1,1,epoxy_surface,0.0079,140,0.3
P1,A1_B1_P1_2022-05-12_IR1_00057,2,0,core_iron,0.0104,22,0.3
P1,A1_B1_P1_2022-05-12_IR1_00057,3,1,epoxy_surface,0.0160,265,0.3
P1,A1_B1_P1_2022-05-12_IR1_00057,4,0,core_iron,0.0003,1,0.3
P1,A1_B1_P1_2022-05-12_IR1_00058,0,0,core_iron,0.0054,42,0.3
P1,A1_B1_P1_2022-05-12_IR1_00058,1,1,epoxy_surface,0.0105,130,0.3
P1,A1_B1_P1_2022-05-12_IR1_00058,2,1,epoxy_surface,0.0163,235,0.3
P1,A1_B1_P1_2022-05-12_IR1_00058,3,1,epoxy_surface,0.0062,91,0.3
P1,A1_B1_P1_2022-05-12_IR1_00059,0,1,epoxy_surface,0.0118,168,0.3
P1,A1_B1_P1_2022-05-12_IR1_00059,1,1,epoxy_surface,0.0048,77,0.3
P1,A1_B1_P1_2022-05-12_IR1_00059,2,1,epoxy_surface,0.0137,230,0.3
P1,A1_B1_P1_2022-05-12_IR1_00059,3,0,core_iron,0.0200,89,0.3
P1,A1_B1_P1_2022-05-12_IR1_00060,0,1,epoxy_surface,0.0114,206,0.3
P1,A1_B1_P1_2022-05-12_IR1_00060,1,0,core_iron,0.0047,13,0.3
P1,A1_B1_P1_2022-05-12_IR1_00060,3,1,epoxy_surface,0.0080,140,0.3
P1,A1_B1_P1_2022-05-12_IR1_00060,4,1,epoxy_surface,0.0003,1,0.3
P1,A1_B1_P1_2022-05-12_IR1_00061,0,0,core_iron,0.0053,13,0.3
P1,A1_B1_P1_2022-05-12_IR1_00061,2,1,epoxy_surface,0.0078,42,0.3
P1,A1_B1_P1_2022-05-12_IR1_00061,3,1,epoxy_surface,0.0098,165,0.3
P1,A1_B1_P1_2022-05-12_IR1_00061,4,1,epoxy_surface,0.0086,129,0.3
P1,A1_B1_P1_2022-05-12_IR1_00062,0,1,epoxy_surface,0.0091,148,0.3
P1,A1_B1_P1_2022-05-12_IR1_00062,1,1,epoxy_surface,0.0048,85,0.3
P1,A1_B1_P1_2022-05-12_IR1_00062,2,0,core_iron,0.0032,8,0.3
P1,A1_B1_P1_2022-05-12_IR1_00063,1,0,core_iron,0.0055,13,0.3
P1,A1_B1_P1_2022-05-12_IR1_00063,2,1,epoxy_surface,0.0087,153,0.3
P1,A1_B1_P1_2022-05-12_IR1_00063,3,1,epoxy_surface,0.0097,171,0.3
P1,A1_B1_P1_2022-05-12_IR1_00063,4,1,epoxy_surface,0.0095,48,0.3
P1,A1_B1_P1_2022-05-12_IR1_00064,0,0,core_iron,0.0057,10,0.3
P1,A1_B1_P1_2022-05-12_IR1_00064,1,1,epoxy_surface,0.0115,200,0.3
P1,A1_B1_P1_2022-05-12_IR1_00064,2,1,epoxy_surface,0.0081,143,0.3
P1,A1_B1_P1_2022-05-12_IR1_00064,3,1,epoxy_surface,0.0152,268,0.3
P1,A1_B1_P1_2022-05-12_IR1_00064,4,0,core_iron,0.0026,12,0.3
P1,A1_B1_P1_2022-05-12_IR1_00065,0,2,mold_tr_contact,0.0154,23,0.3
P1,A1_B1_P1_2022-05-12_IR1_00065,1,2,mold_tr_contact,0.0154,23,0.3
P1,A1_B1_P1_2022-05-12_IR1_00065,3,2,mold_tr_contact,0.0154,23,0.3
P1,A1_B1_P1_2022-05-12_IR1_00066,1,0,core_iron,0.0038,25,0.3
P1,A1_B1_P1_2022-05-12_IR1_00066,2,1,epoxy_surface,0.0092,82,0.3
P1,A1_B1_P1_2022-05-12_IR1_00066,3,2,mold_tr_contact,0.0124,20,0.3
P1,A1_B1_P1_2022-05-12_IR1_00066,4,1,epoxy_surface,0.0117,101,0.3
P1,A1_B1_P1_2022-05-12_IR1_00066,5,2,mold_tr_contact,0.0136,21,0.3
P1,A1_B1_P1_2022-05-12_IR1_00066,6,1,epoxy_surface,0.0111,85,0.3
P1,A1_B1_P1_2022-05-12_IR1_00066,7,2,mold_tr_contact,0.0038,6,0.3
P1,A1_B1_P1_2022-05-12_IR1_00067,0,0,core_iron,0.0163,73,0.3
P1,A1_B1_P1_2022-05-12_IR1_00067,1,1,epoxy_surface,0.0113,171,0.3
P1,A1_B1_P1_2022-05-12_IR1_00067,2,1,epoxy_surface,0.0142,223,0.3
P1,A1_B1_P1_2022-05-12_IR1_00067,4,1,epoxy_surface,0.0054,84,0.3
P1,A1_B1_P1_2022-05-12_IR1_00068,1,0,core_iron,0.0246,208,0.3
P1,A1_B1_P1_2022-05-12_IR1_00068,2,2,mold_tr_contact,0.0272,99,0.3
P1,A1_B1_P1_2022-05-12_IR1_00069,1,0,core_iron,0.0208,253,0.3
P1,A1_B1_P1_2022-05-12_IR1_00069,2,2,mold_tr_contact,0.0251,103,0.3
P1,A1_B1_P1_2022-05-12_IR1_00070,2,0,core_iron,0.0258,200,0.3
P1,A1_B1_P1_2022-05-12_IR1_00071,0,0,core_iron,0.0037,18,0.3
P1,A1_B1_P1_2022-05-12_IR1_00072,0,0,core_iron,0.0042,17,0.3
P1,A1_B1_P1_2022-05-12_IR1_00072,1,2,mold_tr_contact,0.0069,51,0.3
P1,A1_B1_P1_2022-05-12_IR1_00074,0,0,core_iron,0.0188,193,0.3
P1,A1_B1_P1_2022-05-12_IR1_00074,1,2,mold_tr_contact,0.0060,34,0.3
P1,A1_B1_P1_2022-05-12_IR1_00075,0,2,mold_tr_contact,0.0061,53,0.3
P1,A1_B1_P1_2022-05-12_IR1_00075,1,0,core_iron,0.0039,22,0.3
P1,A1_B1_P1_2022-05-12_IR1_00076,0,2,mold_tr_contact,0.0043,35,0.3
P1,A1_B1_P1_2022-05-12_IR1_00076,1,0,core_iron,0.0228,185,0.3
P1,A1_B1_P1_2022-05-12_IR1_00077,0,2,mold_tr_contact,0.0099,88,0.3
P1,A1_B1_P1_2022-05-12_IR1_00077,1,2,mold_tr_contact,0.0184,157,0.3
P1,A1_B1_P1_2022-05-12_IR1_00077,2,0,core_iron,0.0032,21,0.3
P1,A1_B1_P1_2022-05-12_IR1_00078,0,0,core_iron,0.0236,203,0.3
P1,A1_B1_P1_2022-05-12_IR1_00078,2,2,mold_tr_contact,0.0057,41,0.3
P1,A1_B1_P1_2022-05-12_IR1_00079,1,2,mold_tr_contact,0.0053,36,0.3
P1,A1_B1_P1_2022-05-12_IR1_00080,0,2,mold_tr_contact,0.0202,157,0.3
P1,A1_B1_P1_2022-05-12_IR1_00080,1,2,mold_tr_contact,0.0064,51,0.3
P1,A1_B1_P1_2022-05-12_IR1_00080,2,0,core_iron,0.0037,23,0.3
P1,A1_B1_P1_2022-05-12_IR1_00081,0,0,core_iron,0.0039,23,0.3
P1,A1_B1_P1_2022-05-12_IR1_00081,1,2,mold_tr_contact,0.0068,46,0.3
P1,A1_B1_P1_2022-05-12_IR1_00081,2,2,mold_tr_contact,0.0064,30,0.3
P1,A1_B1_P1_2022-05-12_IR1_00082,0,0,core_iron,0.0157,192,0.3
P1,A1_B1_P1_2022-05-12_IR1_00082,1,2,mold_tr_contact,0.0230,121,0.3
P1,A1_B1_P1_2022-05-12_IR1_00082,2,2,mold_tr_contact,0.0041,33,0.3
P1,A1_B1_P1_2022-05-12_IR1_00083,0,0,core_iron,0.0164,139,0.3
P1,A1_B1_P1_2022-05-12_IR1_00083,1,2,mold_tr_contact,0.0213,217,0.3
P1,A1_B1_P1_2022-05-12_IR1_00083,2,2,mold_tr_contact,0.0061,58,0.3
P1,A1_B1_P1_2022-05-12_IR1_00084,0,2,mold_tr_contact,0.0229,198,0.3
P1,A1_B1_P1_2022-05-12_IR1_00084,1,2,mold_tr_contact,0.0052,16,0.3
P1,A1_B1_P1_2022-05-12_IR1_00084,2,0,core_iron,0.0157,164,0.3
P1,A1_B1_P1_2022-05-12_IR1_00085,0,2,mold_tr_contact,0.0225,102,0.3
P1,A1_B1_P1_2022-05-12_IR1_00085,1,2,mold_tr_contact,0.0071,47,0.3
P1,A1_B1_P1_2022-05-12_IR1_00085,3,0,core_iron,0.0191,255,0.3
P1,A1_B1_P1_2022-05-12_IR1_00086,1,0,core_iron,0.0184,227,0.3
P1,A1_B1_P1_2022-05-12_IR1_00087,1,2,mold_tr_contact,0.0105,41,0.3
P1,A1_B1_P1_2022-05-12_IR1_00088,0,2,mold_tr_contact,0.0063,63,0.3
P1,A1_B1_P1_2022-05-12_IR1_00088,1,2,mold_tr_contact,0.0188,167,0.3
P1,A1_B1_P1_2022-05-12_IR1_00089,0,2,mold_tr_contact,0.0059,60,0.3
P1,A1_B1_P1_2022-05-12_IR1_00089,1,2,mold_tr_contact,0.0166,177,0.3
P1,A1_B1_P1_2022-05-12_IR1_00089,2,2,mold_tr_contact,0.0139,142,0.3
P1,A1_B1_P1_2022-05-12_IR1_00089,3,0,core_iron,0.0053,28,0.3
P1,A1_B1_P1_2022-05-12_IR1_00090,0,2,mold_tr_contact,0.0057,66,0.3
P1,A1_B1_P1_2022-05-12_IR1_00090,1,0,core_iron,0.0061,36,0.3
P1,A1_B1_P1_2022-05-12_IR1_00090,2,2,mold_tr_contact,0.0069,60,0.3
P1,A1_B1_P1_2022-05-12_IR1_00090,4,2,mold_tr_contact,0.0136,158,0.3
P1,A1_B1_P1_2022-05-12_IR1_00091,1,0,core_iron,0.0035,24,0.3
P1,A1_B1_P1_2022-05-12_IR1_00091,2,2,mold_tr_contact,0.0059,65,0.3
P1,A1_B1_P1_2022-05-12_IR1_00091,3,2,mold_tr_contact,0.0154,178,0.3
P1,A1_B1_P1_2022-05-12_IR1_00092,1,2,mold_tr_contact,0.0121,74,0.3
P1,A1_B1_P1_2022-05-12_IR1_00093,0,0,core_iron,0.0122,219,0.3
P1,A1_B1_P1_2022-05-12_IR1_00093,2,2,mold_tr_contact,0.0075,52,0.3
P1,A1_B1_P1_2022-05-12_IR1_00093,3,2,mold_tr_contact,0.0142,132,0.3
P1,A1_B1_P1_2022-05-12_IR1_00094,1,0,core_iron,0.0163,254,0.3
P1,A1_B1_P1_2022-05-12_IR1_00094,2,2,mold_tr_contact,0.0165,103,0.3
P1,A1_B1_P1_2022-05-12_IR1_00094,3,2,mold_tr_contact,0.0027,17,0.3
P1,A1_B1_P1_2022-05-12_IR1_00095,0,2,mold_tr_contact,0.0191,138,0.3
P1,A1_B1_P1_2022-05-12_IR1_00095,1,0,core_iron,0.0152,236,0.3
P1,A1_B1_P1_2022-05-12_IR1_00095,2,2,mold_tr_contact,0.0026,17,0.3
P1,A1_B1_P1_2022-05-12_IR1_00096,0,2,mold_tr_contact,0.0205,196,0.3
P1,A1_B1_P1_2022-05-12_IR1_00096,1,2,mold_tr_contact,0.0065,53,0.3
P1,A1_B1_P1_2022-05-12_IR1_00096,2,0,core_iron,0.0002,2,0.3
P1,A1_B1_P1_2022-05-12_IR1_00096,3,2,mold_tr_contact,0.0171,140,0.3
P1,A1_B1_P1_2022-05-12_IR1_00097,0,2,mold_tr_contact,0.0128,148,0.3
P1,A1_B1_P1_2022-05-12_IR1_00097,1,2,mold_tr_contact,0.0056,65,0.3
P1,A1_B1_P1_2022-05-12_IR1_00098,0,0,core_iron,0.0003,2,0.3
P1,A1_B1_P1_2022-05-12_IR1_00098,1,2,mold_tr_contact,0.0063,60,0.3
P1,A1_B1_P1_2022-05-12_IR1_00098,2,2,mold_tr_contact,0.0129,166,0.3
P1,A1_B1_P1_2022-05-12_IR1_00099,0,2,mold_tr_contact,0.0194,167,0.3
P1,A1_B1_P1_2022-05-12_IR1_00099,1,2,mold_tr_contact,0.0091,110,0.3
P1,A1_B1_P1_2022-05-12_IR1_00100,1,2,mold_tr_contact,0.0122,178,0.3
P1,A1_B1_P1_2022-05-12_IR1_00100,2,2,mold_tr_contact,0.0087,102,0.3
P1,A1_B1_P1_2022-05-12_IR1_00101,0,0,core_iron,0.0181,64,0.3
P1,A1_B1_P1_2022-05-12_IR1_00101,2,1,epoxy_surface,0.0059,81,0.3
P1,A1_B1_P1_2022-05-12_IR1_00101,3,1,epoxy_surface,0.0103,165,0.3
P1,A1_B1_P1_2022-05-12_IR1_00101,4,1,epoxy_surface,0.0053,79,0.3
P1,A1_B1_P1_2022-05-12_IR1_00102,0,1,epoxy_surface,0.0169,219,0.3
P1,A1_B1_P1_2022-05-12_IR1_00102,1,1,epoxy_surface,0.0073,162,0.3
P1,A1_B1_P1_2022-05-12_IR1_00103,0,1,epoxy_surface,0.0076,177,0.3
P1,A1_B1_P1_2022-05-12_IR1_00103,1,1,epoxy_surface,0.0162,228,0.3
P1,A1_B1_P1_2022-05-12_IR1_00104,0,1,epoxy_surface,0.0063,125,0.3
P1,A1_B1_P1_2022-05-12_IR1_00104,1,0,core_iron,0.0175,73,0.3
P1,A1_B1_P1_2022-05-12_IR1_00104,2,1,epoxy_surface,0.0113,292,0.3
P1,A1_B1_P1_2022-05-12_IR1_00105,0,1,epoxy_surface,0.0072,137,0.3
P1,A1_B1_P1_2022-05-12_IR1_00105,1,1,epoxy_surface,0.0111,207,0.3
P1,A1_B1_P1_2022-05-12_IR1_00106,0,1,epoxy_surface,0.0115,197,0.3
P1,A1_B1_P1_2022-05-12_IR1_00106,1,1,epoxy_surface,0.0154,278,0.3
P1,A1_B1_P1_2022-05-12_IR1_00106,2,1,epoxy_surface,0.0079,136,0.3
P1,A1_B1_P1_2022-05-12_IR1_00107,0,1,epoxy_surface,0.0172,308,0.3
P1,A1_B1_P1_2022-05-12_IR1_00107,1,1,epoxy_surface,0.0067,131,0.3
P1,A1_B1_P1_2022-05-12_IR1_00107,2,1,epoxy_surface,0.0125,195,0.3
P1,A1_B1_P1_2022-05-12_IR1_00108,0,1,epoxy_surface,0.0102,214,0.3
P1,A1_B1_P1_2022-05-12_IR1_00108,1,0,core_iron,0.0048,13,0.3
P1,A1_B1_P1_2022-05-12_IR1_00108,2,1,epoxy_surface,0.0078,142,0.3
P1,A1_B1_P1_2022-05-12_IR1_00109,0,1,epoxy_surface,0.0110,197,0.3
P1,A1_B1_P1_2022-05-12_IR1_00109,1,1,epoxy_surface,0.0079,100,0.3
P1,A1_B1_P1_2022-05-12_IR1_00110,0,1,epoxy_surface,0.0102,193,0.3
P1,A1_B1_P1_2022-05-12_IR1_00110,1,1,epoxy_surface,0.0085,159,0.3
P1,A1_B1_P1_2022-06-17_IR1_00001,0,0,core_iron,0.0146,58,0.3
P1,A1_B1_P1_2022-06-17_IR1_00001,1,1,epoxy_surface,0.0063,79,0.3
P1,A1_B1_P1_2022-06-17_IR1_00001,2,1,epoxy_surface,0.0110,140,0.3
P1,A1_B1_P1_2022-06-17_IR1_00001,3,1,epoxy_surface,0.0061,80,0.3
P1,A1_B1_P1_2022-06-17_IR1_00001,4,0,core_iron,0.0026,12,0.3
P1,A1_B1_P1_2022-06-17_IR1_00002,0,1,epoxy_surface,0.0114,151,0.3
P1,A1_B1_P1_2022-06-17_IR1_00002,1,1,epoxy_surface,0.0061,79,0.3
P1,A1_B1_P1_2022-06-17_IR1_00002,2,1,epoxy_surface,0.0061,80,0.3
P1,A1_B1_P1_2022-06-17_IR1_00002,3,0,core_iron,0.0184,73,0.3
P1,A1_B1_P1_2022-06-17_IR1_00002,4,0,core_iron,0.0014,6,0.3
P1,A1_B1_P1_2022-06-17_IR1_00003,0,2,mold_tr_contact,0.0143,16,0.3
P1,A1_B1_P1_2022-06-17_IR1_00003,1,1,epoxy_surface,0.0108,80,0.3
P1,A1_B1_P1_2022-06-17_IR1_00003,5,1,epoxy_surface,0.0143,92,0.3
P1,A1_B1_P1_2022-06-17_IR1_00003,6,1,epoxy_surface,0.0004,2,0.3
P1,A1_B1_P1_2022-06-17_IR1_00003,7,0,core_iron,0.0072,50,0.3
P1,A1_B1_P1_2022-06-17_IR1_00004,0,1,epoxy_surface,0.0158,245,0.3
P1,A1_B1_P1_2022-06-17_IR1_00004,1,1,epoxy_surface,0.0074,141,0.3
P1,A1_B1_P1_2022-06-17_IR1_00005,0,1,epoxy_surface,0.0157,251,0.3
P1,A1_B1_P1_2022-06-17_IR1_00005,1,1,epoxy_surface,0.0097,189,0.3
P1,A1_B1_P1_2022-06-17_IR1_00005,2,1,epoxy_surface,0.0077,158,0.3
P1,A1_B1_P1_2022-06-17_IR1_00006,0,1,epoxy_surface,0.0107,205,0.3
P1,A1_B1_P1_2022-06-17_IR1_00006,1,1,epoxy_surface,0.0077,137,0.3
P1,A1_B1_P1_2022-06-17_IR1_00007,0,1,epoxy_surface,0.0205,110,0.3
P1,A1_B1_P1_2022-06-17_IR1_00007,2,2,mold_tr_contact,0.0020,2,0.3
P1,A1_B1_P1_2022-06-17_IR1_00007,3,0,core_iron,0.0068,48,0.3
P1,A1_B1_P1_2022-06-17_IR1_00007,6,1,epoxy_surface,0.0121,69,0.3
P1,A1_B1_P1_2022-06-17_IR1_00007,7,1,epoxy_surface,0.0114,87,0.3
P1,A1_B1_P1_2022-06-17_IR1_00010,1,1,epoxy_surface,0.0115,144,0.3
P1,A1_B1_P1_2022-06-17_IR1_00010,3,10,silencer_power_fuse,0.0256,150,0.3
P1,A1_B1_P1_2022-06-17_IR1_00010,4,0,core_iron,0.0038,13,0.3
P1,A1_B1_P1_2022-06-17_IR1_00011,0,0,core_iron,0.0075,50,0.3
P1,A1_B1_P1_2022-06-17_IR1_00011,1,1,epoxy_surface,0.0159,89,0.3
P1,A1_B1_P1_2022-06-17_IR1_00011,2,1,epoxy_surface,0.0095,34,0.3
P1,A1_B1_P1_2022-06-17_IR1_00011,4,1,epoxy_surface,0.0213,98,0.3
P1,A1_B1_P1_2022-06-17_IR1_00012,0,1,epoxy_surface,0.0088,91,0.3
P1,A1_B1_P1_2022-06-17_IR1_00012,1,1,epoxy_surface,0.0172,118,0.3
P1,A1_B1_P1_2022-06-17_IR1_00012,2,2,mold_tr_contact,0.0092,20,0.3
P1,A1_B1_P1_2022-06-17_IR1_00012,4,2,mold_tr_contact,0.0074,8,0.3
P1,A1_B1_P1_2022-06-17_IR1_00012,5,1,epoxy_surface,0.0086,102,0.3
P1,A1_B1_P1_2022-06-17_IR1_00012,6,0,core_iron,0.0044,41,0.3
P1,A1_B1_P1_2022-06-17_IR1_00012,7,2,mold_tr_contact,0.0138,31,0.3
P1,A1_B1_P1_2022-06-17_IR1_00013,0,1,epoxy_surface,0.0166,224,0.3
P1,A1_B1_P1_2022-06-17_IR1_00013,1,1,epoxy_surface,0.0079,145,0.3
P1,A1_B1_P1_2022-06-17_IR1_00014,0,1,epoxy_surface,0.0099,189,0.3
P1,A1_B1_P1_2022-06-17_IR1_00014,1,1,epoxy_surface,0.0161,260,0.3
P1,A1_B1_P1_2022-06-17_IR1_00014,2,1,epoxy_surface,0.0080,148,0.3
P1,A1_B1_P1_2022-06-17_IR1_00015,0,1,epoxy_surface,0.0105,207,0.3
P1,A1_B1_P1_2022-06-17_IR1_00015,1,1,epoxy_surface,0.0075,150,0.3
P1,A1_B1_P1_2022-06-17_IR1_00016,0,2,mold_tr_contact,0.0110,22,0.3
P1,A1_B1_P1_2022-06-17_IR1_00016,1,2,mold_tr_contact,0.0080,18,0.3
P1,A1_B1_P1_2022-06-17_IR1_00016,2,0,core_iron,0.0069,64,0.3
P1,A1_B1_P1_2022-06-17_IR1_00016,3,1,epoxy_surface,0.0094,70,0.3
P1,A1_B1_P1_2022-06-17_IR1_00016,4,2,mold_tr_contact,0.0302,66,0.3
P1,A1_B1_P1_2022-06-17_IR1_00016,5,1,epoxy_surface,0.0100,91,0.3
P1,A1_B1_P1_2022-06-17_IR1_00016,6,2,mold_tr_contact,0.0107,24,0.3
P1,A1_B1_P1_2022-06-17_IR1_00016,7,1,epoxy_surface,0.0137,92,0.3
P1,A1_B1_P1_2022-06-17_IR1_00017,0,1,epoxy_surface,0.0151,222,0.3
P1,A1_B1_P1_2022-06-17_IR1_00017,1,0,core_iron,0.0190,89,0.3
P1,A1_B1_P1_2022-06-17_IR1_00017,2,1,epoxy_surface,0.0098,143,0.3
P1,A1_B1_P1_2022-06-17_IR1_00017,3,1,epoxy_surface,0.0057,91,0.3
P1,A1_B1_P1_2022-06-17_IR1_00018,0,1,epoxy_surface,0.0054,95,0.3
P1,A1_B1_P1_2022-06-17_IR1_00018,1,0,core_iron,0.0147,73,0.3
P1,A1_B1_P1_2022-06-17_IR1_00018,2,1,epoxy_surface,0.0146,208,0.3
P1,A1_B1_P1_2022-06-17_IR1_00019,0,1,epoxy_surface,0.0093,152,0.3
P1,A1_B1_P1_2022-06-17_IR1_00019,1,1,epoxy_surface,0.0054,94,0.3
P1,A1_B1_P1_2022-06-17_IR1_00019,2,1,epoxy_surface,0.0137,205,0.3
P1,A1_B1_P1_2022-06-17_IR1_00019,3,0,core_iron,0.0172,73,0.3
P1,A1_B1_P1_2022-06-17_IR1_00020,0,0,core_iron,0.0019,6,0.3
P1,A1_B1_P1_2022-06-17_IR1_00020,1,1,epoxy_surface,0.0105,161,0.3
P1,A1_B1_P1_2022-06-17_IR1_00020,2,1,epoxy_surface,0.0058,93,0.3
P1,A1_B1_P1_2022-06-17_IR1_00020,3,1,epoxy_surface,0.0016,7,0.3
P1,A1_B1_P1_2022-06-17_IR1_00021,0,1,epoxy_surface,0.0177,98,0.3
P1,A1_B1_P1_2022-06-17_IR1_00021,1,1,epoxy_surface,0.0211,101,0.3
P1,A1_B1_P1_2022-06-17_IR1_00021,2,0,core_iron,0.0071,54,0.3
P1,A1_B1_P1_2022-06-17_IR1_00021,4,1,epoxy_surface,0.0128,89,0.3
P1,A1_B1_P1_2022-06-17_IR1_00021,5,1,epoxy_surface,0.0098,51,0.3
P1,A1_B1_P1_2022-06-17_IR1_00022,0,0,core_iron,0.0297,208,0.3
P1,A1_B1_P1_2022-06-17_IR1_00023,1,0,core_iron,0.0265,188,0.3
P1,A1_B1_P1_2022-06-17_IR1_00024,1,0,core_iron,0.0235,275,0.3
P1,A1_B1_P1_2022-06-17_IR1_00025,2,0,core_iron,0.0241,263,0.3
P1,A1_B1_P1_2022-06-17_IR1_00026,1,0,core_iron,0.0243,208,0.3
P1,A1_B1_P1_2022-06-17_IR1_00027,1,2,mold_tr_contact,0.0178,121,0.3
P1,A1_B1_P1_2022-06-17_IR1_00027,3,0,core_iron,0.0227,208,0.3
P1,A1_B1_P1_2022-06-17_IR1_00029,1,0,core_iron,0.0157,118,0.3
P1,A1_B2_P1_2022-05-12_IR1_00002,3,1,epoxy_surface,0.0105,42,0.3
P1,A1_B2_P1_2022-05-12_IR1_00002,4,1,epoxy_surface,0.0189,104,0.3
P1,A1_B2_P1_2022-05-12_IR1_00002,5,1,epoxy_surface,0.0135,80,0.3
P1,A1_B2_P1_2022-05-12_IR1_00002,6,0,core_iron,0.0038,21,0.3
P1,A1_B2_P1_2022-05-12_IR1_00003,0,1,epoxy_surface,0.0036,47,0.3
P1,A1_B2_P1_2022-05-12_IR1_00003,1,1,epoxy_surface,0.0130,171,0.3
P1,A1_B2_P1_2022-05-12_IR1_00003,2,0,core_iron,0.0236,203,0.3
P1,A1_B2_P1_2022-05-12_IR1_00003,3,1,epoxy_surface,0.0054,71,0.3
P1,A1_B2_P1_2022-05-12_IR1_00003,4,0,core_iron,0.0216,74,0.3
P1,A1_B2_P1_2022-05-12_IR1_00004,1,1,epoxy_surface,0.0215,112,0.3
P1,A1_B2_P1_2022-05-12_IR1_00004,2,1,epoxy_surface,0.0370,77,0.3
P1,A1_B2_P1_2022-05-12_IR1_00004,5,1,epoxy_surface,0.0011,2,0.3
P1,A1_B2_P1_2022-05-12_IR1_00004,7,0,core_iron,0.0067,46,0.3
P1,A1_B2_P1_2022-05-12_IR1_00006,0,0,core_iron,0.0079,57,0.3
P1,A1_B2_P1_2022-05-12_IR1_00007,0,0,core_iron,0.0160,204,0.3
P1,A1_B2_P1_2022-05-12_IR1_00009,0,0,core_iron,0.0159,48,0.3
P1,A1_B2_P1_2022-05-12_IR1_00009,2,1,epoxy_surface,0.0336,127,0.3
P1,A1_B2_P1_2022-05-12_IR1_00009,3,1,epoxy_surface,0.0095,191,0.3
P1,A1_B2_P1_2022-05-12_IR1_00010,1,1,epoxy_surface,0.0084,158,0.3
P1,A1_B2_P1_2022-05-12_IR1_00010,2,1,epoxy_surface,0.0051,23,0.3
P1,A1_B2_P1_2022-05-12_IR1_00011,0,0,core_iron,0.0180,194,0.3
P1,A1_B2_P1_2022-05-12_IR1_00012,2,0,core_iron,0.0181,198,0.3
P1,A1_B2_P1_2022-05-12_IR1_00014,0,0,core_iron,0.0145,212,0.3
P1,A1_B2_P1_2022-05-12_IR1_00019,0,1,epoxy_surface,0.0098,23,0.3
P1,A1_B2_P1_2022-05-12_IR1_00019,1,2,mold_tr_contact,0.0345,60,0.3
P1,A1_B2_P1_2022-05-12_IR1_00019,3,0,core_iron,0.0106,101,0.3
P1,A1_B2_P1_2022-05-12_IR1_00020,0,0,core_iron,0.0057,58,0.3
P1,A1_B2_P1_2022-05-12_IR1_00020,2,2,mold_tr_contact,0.0345,85,0.3
P1,A1_B2_P1_2022-05-12_IR1_00021,2,0,core_iron,0.0220,231,0.3
P1,A1_B2_P1_2022-05-12_IR1_00022,0,1,epoxy_surface,0.0092,22,0.3
P1,A1_B2_P1_2022-05-12_IR1_00022,5,1,epoxy_surface,0.0227,146,0.3
P1,A1_B2_P1_2022-05-12_IR1_00024,0,1,epoxy_surface,0.0004,1,0.3
P1,A1_B2_P1_2022-05-12_IR1_00024,1,0,core_iron,0.0041,26,0.3
P1,A1_B2_P1_2022-05-12_IR1_00024,2,2,mold_tr_contact,0.0385,73,0.3
P1,A1_B2_P1_2022-05-12_IR1_00025,0,0,core_iron,0.0151,149,0.3
P1,A1_B2_P1_2022-05-12_IR1_00025,1,10,silencer_power_fuse,0.0078,29,0.3
P1,A1_B2_P1_2022-05-12_IR1_00027,0,0,core_iron,0.0132,239,0.3
P1,A1_B2_P1_2022-05-12_IR1_00028,1,0,core_iron,0.0132,163,0.3
P1,A1_B2_P1_2022-05-12_IR1_00029,2,0,core_iron,0.0040,35,0.3
P1,A1_B2_P1_2022-05-12_IR1_00030,1,0,core_iron,0.0061,67,0.3
P1,A1_B2_P1_2022-05-12_IR1_00031,2,0,core_iron,0.0205,228,0.3
P1,A1_B2_P1_2022-05-12_IR1_00032,0,0,core_iron,0.0155,251,0.3
P1,A1_B2_P1_2022-05-12_IR1_00033,0,2,mold_tr_contact,0.0323,67,0.3
P1,A1_B2_P1_2022-05-12_IR1_00033,1,0,core_iron,0.0172,240,0.3
P1,A1_B2_P1_2022-05-12_IR1_00035,0,1,epoxy_surface,0.0016,10,0.3
P1,A1_B2_P1_2022-05-12_IR1_00035,1,1,epoxy_surface,0.0105,65,0.3
P1,A1_B2_P1_2022-05-12_IR1_00035,2,10,silencer_power_fuse,0.0062,24,0.3
P1,A1_B2_P1_2022-05-12_IR1_00035,3,1,epoxy_surface,0.0104,66,0.3
P1,A1_B2_P1_2022-05-12_IR1_00035,4,10,silencer_power_fuse,0.0066,24,0.3
P1,A1_B2_P1_2022-05-12_IR1_00036,1,10,silencer_power_fuse,0.0156,20,0.3
P1,A1_B2_P1_2022-05-12_IR1_00036,3,0,core_iron,0.0230,145,0.3
P1,A1_B2_P1_2022-05-12_IR1_00036,4,10,silencer_power_fuse,0.0162,18,0.3
P1,A1_B2_P1_2022-05-12_IR1_00037,0,10,silencer_power_fuse,0.0176,20,0.3
P1,A1_B2_P1_2022-05-12_IR1_00037,1,10,silencer_power_fuse,0.0161,20,0.3
P1,A1_B2_P1_2022-05-12_IR1_00037,5,10,silencer_power_fuse,0.0011,1,0.3
P1,A1_B2_P1_2022-05-12_IR1_00037,6,0,core_iron,0.0247,150,0.3
P1,A1_B2_P1_2022-05-12_IR1_00038,0,1,epoxy_surface,0.0164,80,0.3
P1,A1_B2_P1_2022-05-12_IR1_00038,1,10,silencer_power_fuse,0.0246,141,0.3
P1,A1_B2_P1_2022-05-12_IR1_00038,2,1,epoxy_surface,0.0012,4,0.3
P1,A1_B2_P1_2022-05-12_IR1_00038,3,10,silencer_power_fuse,0.0325,179,0.3
P1,A1_B2_P1_2022-05-12_IR1_00038,4,10,silencer_power_fuse,0.0098,63,0.3
P1,A1_B2_P1_2022-05-12_IR1_00038,5,10,silencer_power_fuse,0.0281,178,0.3
P1,A1_B2_P1_2022-05-12_IR1_00038,6,1,epoxy_surface,0.0204,101,0.3
P1,A1_B2_P1_2022-05-12_IR1_00039,0,10,silencer_power_fuse,0.0094,66,0.3
P1,A1_B2_P1_2022-05-12_IR1_00039,1,1,epoxy_surface,0.0027,9,0.3
P1,A1_B2_P1_2022-05-12_IR1_00039,2,1,epoxy_surface,0.0145,83,0.3
P1,A1_B2_P1_2022-05-12_IR1_00039,3,10,silencer_power_fuse,0.0255,135,0.3
P1,A1_B2_P1_2022-05-12_IR1_00039,4,10,silencer_power_fuse,0.0248,175,0.3
P1,A1_B2_P1_2022-05-12_IR1_00039,5,1,epoxy_surface,0.0195,105,0.3
P1,A1_B2_P1_2022-05-12_IR1_00040,0,1,epoxy_surface,0.0071,82,0.3
P1,A1_B2_P1_2022-05-12_IR1_00040,1,1,epoxy_surface,0.0116,126,0.3
P1,A1_B2_P1_2022-05-12_IR1_00040,2,10,silencer_power_fuse,0.0079,29,0.3
P1,A1_B2_P1_2022-05-12_IR1_00040,3,1,epoxy_surface,0.0096,113,0.3
P1,A1_B2_P1_2022-05-12_IR1_00040,4,10,silencer_power_fuse,0.0035,6,0.3
P1,A1_B2_P1_2022-05-12_IR1_00040,5,10,silencer_power_fuse,0.0168,36,0.3
P1,A1_B2_P1_2022-05-12_IR1_00041,0,10,silencer_power_fuse,0.0093,62,0.3
P1,A1_B2_P1_2022-05-12_IR1_00041,1,10,silencer_power_fuse,0.0063,21,0.3
P1,A1_B2_P1_2022-05-12_IR1_00041,2,1,epoxy_surface,0.0377,60,0.3
P1,A1_B2_P1_2022-05-12_IR1_00041,3,1,epoxy_surface,0.0227,63,0.3
P1,A1_B2_P1_2022-05-12_IR1_00042,3,1,epoxy_surface,0.0113,20,0.3
P1,A1_B2_P1_2022-05-12_IR1_00042,4,10,silencer_power_fuse,0.0072,45,0.3
P1,A1_B2_P1_2022-05-12_IR1_00043,0,1,epoxy_surface,0.0109,22,0.3
P1,A1_B2_P1_2022-05-12_IR1_00043,2,10,silencer_power_fuse,0.0091,61,0.3
P1,A1_B2_P1_2022-05-12_IR1_00043,3,0,core_iron,0.0357,81,0.3
P1,A1_B2_P1_2022-05-12_IR1_00044,0,0,core_iron,0.0479,123,0.3
P1,A1_B2_P1_2022-05-12_IR1_00044,1,10,silencer_power_fuse,0.0087,55,0.3
P1,A1_B2_P1_2022-05-12_IR1_00044,2,10,silencer_power_fuse,0.0248,130,0.3
P1,A1_B2_P1_2022-05-12_IR1_00045,0,0,core_iron,0.0052,22,0.3
P1,A1_B2_P1_2022-05-12_IR1_00045,1,10,silencer_power_fuse,0.0079,53,0.3
P1,A1_B2_P1_2022-05-12_IR1_00046,0,0,core_iron,0.0345,222,0.3
P1,A1_B2_P1_2022-05-12_IR1_00046,1,10,silencer_power_fuse,0.0102,53,0.3
P1,A1_B2_P1_2022-05-12_IR1_00046,2,10,silencer_power_fuse,0.0230,126,0.3
P1,A1_B2_P1_2022-05-12_IR1_00047,0,1,epoxy_surface,0.0250,75,0.3
P1,A1_B2_P1_2022-05-12_IR1_00047,1,10,silencer_power_fuse,0.0257,136,0.3
P1,A1_B2_P1_2022-05-12_IR1_00047,2,10,silencer_power_fuse,0.0086,55,0.3
P1,A1_B2_P1_2022-05-12_IR1_00047,3,1,epoxy_surface,0.0174,20,0.3
P1,A1_B2_P1_2022-05-12_IR1_00048,0,10,silencer_power_fuse,0.0081,54,0.3
P1,A1_B2_P1_2022-05-12_IR1_00048,1,1,epoxy_surface,0.0172,82,0.3
P1,A1_B2_P1_2022-05-12_IR1_00048,2,1,epoxy_surface,0.0297,39,0.3
P1,A1_B2_P1_2022-05-12_IR1_00048,3,10,silencer_power_fuse,0.0251,141,0.3
P1,A1_B2_P1_2022-05-12_IR1_00049,0,1,epoxy_surface,0.0174,89,0.3
P1,A1_B2_P1_2022-05-12_IR1_00049,1,1,epoxy_surface,0.0135,33,0.3
P1,A1_B2_P1_2022-05-12_IR1_00049,2,10,silencer_power_fuse,0.0086,59,0.3
P1,A1_B2_P1_2022-05-12_IR1_00049,3,10,silencer_power_fuse,0.0274,131,0.3
P1,A1_B2_P1_2022-05-12_IR1_00050,0,1,epoxy_surface,0.0021,7,0.3
P1,A1_B2_P1_2022-05-12_IR1_00050,1,1,epoxy_surface,0.0256,92,0.3
P1,A1_B2_P1_2022-05-12_IR1_00050,2,10,silencer_power_fuse,0.0311,174,0.3
P1,A1_B2_P1_2022-05-12_IR1_00050,3,10,silencer_power_fuse,0.0081,53,0.3
P1,A1_B2_P1_2022-05-12_IR1_00050,4,10,silencer_power_fuse,0.0057,18,0.3
P1,A1_B2_P1_2022-05-12_IR1_00051,0,1,epoxy_surface,0.0182,52,0.3
P1,A1_B2_P1_2022-05-12_IR1_00051,1,10,silencer_power_fuse,0.0075,44,0.3
P1,A1_B2_P1_2022-05-12_IR1_00051,2,10,silencer_power_fuse,0.0277,179,0.3
P1,A1_B2_P1_2022-05-12_IR1_00051,3,1,epoxy_surface,0.0136,53,0.3
P1,A1_B2_P1_2022-05-12_IR1_00051,4,10,silencer_power_fuse,0.0288,130,0.3
P1,A1_B2_P1_2022-05-12_IR1_00052,0,10,silencer_power_fuse,0.0267,136,0.3
P1,A1_B2_P1_2022-05-12_IR1_00052,1,1,epoxy_surface,0.0196,26,0.3
P1,A1_B2_P1_2022-05-12_IR1_00052,2,1,epoxy_surface,0.0222,85,0.3
P1,A1_B2_P1_2022-05-12_IR1_00052,3,10,silencer_power_fuse,0.0273,134,0.3
P1,A1_B2_P1_2022-05-12_IR1_00052,4,10,silencer_power_fuse,0.0087,51,0.3
P1,A1_B2_P1_2022-05-12_IR1_00053,0,10,silencer_power_fuse,0.0305,149,0.3
P1,A1_B2_P1_2022-05-12_IR1_00053,1,1,epoxy_surface,0.0111,27,0.3
P1,A1_B2_P1_2022-05-12_IR1_00053,2,1,epoxy_surface,0.0172,97,0.3
P1,A1_B2_P1_2022-05-12_IR1_00053,3,10,silencer_power_fuse,0.0055,27,0.3
P1,A1_B2_P1_2022-05-12_IR1_00053,4,10,silencer_power_fuse,0.0263,134,0.3
P1,A1_B2_P1_2022-05-12_IR1_00054,0,0,core_iron,0.0435,81,0.3
P1,A1_B2_P1_2022-05-12_IR1_00054,1,10,silencer_power_fuse,0.0240,161,0.3
P1,A1_B2_P1_2022-05-12_IR1_00054,2,10,silencer_power_fuse,0.0275,154,0.3
P1,A1_B2_P1_2022-05-12_IR1_00054,3,10,silencer_power_fuse,0.0087,48,0.3
P1,A1_B2_P1_2022-05-12_IR1_00055,0,10,silencer_power_fuse,0.0100,55,0.3
P1,A1_B2_P1_2022-05-12_IR1_00055,1,0,core_iron,0.0038,11,0.3
P1,A1_B2_P1_2022-05-12_IR1_00055,2,10,silencer_power_fuse,0.0245,138,0.3
P1,A1_B2_P1_2022-05-12_IR1_00055,3,10,silencer_power_fuse,0.0224,157,0.3
P1,A1_B2_P1_2022-05-12_IR1_00056,0,10,silencer_power_fuse,0.0288,132,0.3
P1,A1_B2_P1_2022-05-12_IR1_00056,1,10,silencer_power_fuse,0.0217,126,0.3
P1,A1_B2_P1_2022-05-12_IR1_00056,2,10,silencer_power_fuse,0.0057,26,0.3
P1,A1_B2_P1_2022-05-12_IR1_00057,0,10,silencer_power_fuse,0.0247,141,0.3
P1,A1_B2_P1_2022-05-12_IR1_00057,1,10,silencer_power_fuse,0.0085,52,0.3
P1,A1_B2_P1_2022-05-12_IR1_00057,2,1,epoxy_surface,0.0007,2,0.3
P1,A1_B2_P1_2022-05-12_IR1_00057,3,10,silencer_power_fuse,0.0067,49,0.3
P1,A1_B2_P1_2022-05-12_IR1_00057,4,1,epoxy_surface,0.0256,40,0.3
P1,A1_B2_P1_2022-05-12_IR1_00058,0,10,silencer_power_fuse,0.0235,166,0.3
P1,A1_B2_P1_2022-05-12_IR1_00058,1,10,silencer_power_fuse,0.0242,179,0.3
P1,A1_B2_P1_2022-05-12_IR1_00058,2,1,epoxy_surface,0.0087,57,0.3
P1,A1_B2_P1_2022-05-12_IR1_00058,3,10,silencer_power_fuse,0.0060,44,0.3
P1,A1_B2_P1_2022-05-12_IR1_00058,4,1,epoxy_surface,0.0143,23,0.3
P1,A1_B2_P1_2022-05-12_IR1_00059,0,1,epoxy_surface,0.0182,80,0.3
P1,A1_B2_P1_2022-05-12_IR1_00059,1,1,epoxy_surface,0.0057,24,0.3
P1,A1_B2_P1_2022-05-12_IR1_00059,2,10,silencer_power_fuse,0.0223,167,0.3
P1,A1_B2_P1_2022-05-12_IR1_00059,3,10,silencer_power_fuse,0.0067,58,0.3
P1,A1_B2_P1_2022-05-12_IR1_00060,0,10,silencer_power_fuse,0.0248,200,0.3
P1,A1_B2_P1_2022-05-12_IR1_00060,1,10,silencer_power_fuse,0.0077,69,0.3
P1,A1_B2_P1_2022-05-12_IR1_00060,2,1,epoxy_surface,0.0054,21,0.3
P1,A1_B2_P1_2022-05-12_IR1_00061,0,0,core_iron,0.0020,4,0.3
P1,A1_B2_P1_2022-05-12_IR1_00061,1,10,silencer_power_fuse,0.0075,64,0.3
P1,A1_B2_P1_2022-05-12_IR1_00061,2,10,silencer_power_fuse,0.0255,162,0.3
P1,A1_B2_P1_2022-05-12_IR1_00062,0,1,epoxy_surface,0.0047,20,0.3
P1,A1_B2_P1_2022-05-12_IR1_00062,1,10,silencer_power_fuse,0.0065,56,0.3
P1,A1_B2_P1_2022-05-12_IR1_00062,2,10,silencer_power_fuse,0.0241,183,0.3
P1,A1_B2_P1_2022-05-12_IR1_00063,0,10,silencer_power_fuse,0.0297,139,0.3
P1,A1_B2_P1_2022-05-12_IR1_00063,1,1,epoxy_surface,0.0141,77,0.3
P1,A1_B2_P1_2022-05-12_IR1_00063,2,10,silencer_power_fuse,0.0080,47,0.3
P1,A1_B2_P1_2022-05-12_IR1_00063,3,1,epoxy_surface,0.0029,14,0.3
P1,A1_B2_P1_2022-05-12_IR1_00064,0,1,epoxy_surface,0.0069,39,0.3
P1,A1_B2_P1_2022-05-12_IR1_00064,1,1,epoxy_surface,0.0138,38,0.3
P1,A1_B2_P1_2022-05-12_IR1_00064,2,10,silencer_power_fuse,0.0070,41,0.3
P1,A1_B2_P1_2022-05-12_IR1_00064,3,10,silencer_power_fuse,0.0255,135,0.3
P1,A1_B2_P1_2022-05-12_IR1_00064,4,1,epoxy_surface,0.0159,56,0.3
P1,A1_B2_P1_2022-05-12_IR1_00065,0,10,silencer_power_fuse,0.0237,167,0.3
P1,A1_B2_P1_2022-05-12_IR1_00065,1,10,silencer_power_fuse,0.0082,57,0.3
P1,A1_B2_P1_2022-05-12_IR1_00065,2,0,core_iron,0.0243,117,0.3
P1,A1_B2_P1_2022-05-12_IR1_00066,1,10,silencer_power_fuse,0.0061,42,0.3
P1,A1_B2_P1_2022-05-12_IR1_00066,2,10,silencer_power_fuse,0.0178,129,0.3
P1,A1_B2_P1_2022-05-12_IR1_00067,0,10,silencer_power_fuse,0.0258,127,0.3
P1,A1_B2_P1_2022-05-12_IR1_00067,1,10,silencer_power_fuse,0.0078,32,0.3
P1,A1_B2_P1_2022-05-12_IR1_00068,0,10,silencer_power_fuse,0.0056,32,0.3
P1,A1_B2_P1_2022-05-12_IR1_00068,1,10,silencer_power_fuse,0.0159,170,0.3
P1,A1_B2_P1_2022-05-12_IR1_00069,1,10,silencer_power_fuse,0.0075,25,0.3
P1,A1_B2_P1_2022-05-12_IR1_00070,1,10,silencer_power_fuse,0.0278,64,0.3
P1,A1_B2_P1_2022-05-12_IR1_00071,0,10,silencer_power_fuse,0.0075,23,0.3
P1,A1_B2_P1_2022-05-12_IR1_00072,0,10,silencer_power_fuse,0.0062,23,0.3
P1,A1_B2_P1_2022-05-12_IR1_00073,0,10,silencer_power_fuse,0.0063,22,0.3
P1,A1_B2_P1_2022-05-12_IR1_00074,0,10,silencer_power_fuse,0.0063,25,0.3
P1,A1_B2_P1_2022-05-12_IR1_00075,0,10,silencer_power_fuse,0.0063,25,0.3
P1,A1_B2_P1_2022-05-12_IR1_00079,0,10,silencer_power_fuse,0.0064,25,0.3
P1,A1_B2_P1_2022-05-12_IR1_00080,0,10,silencer_power_fuse,0.0063,35,0.3
P1,A1_B2_P1_2022-05-12_IR1_00081,0,10,silencer_power_fuse,0.0055,30,0.3
P1,A1_B2_P1_2022-05-12_IR1_00082,0,10,silencer_power_fuse,0.0056,25,0.3
P1,A1_B2_P1_2022-05-12_IR1_00083,0,10,silencer_power_fuse,0.0149,26,0.3
P1,A1_B2_P1_2022-05-12_IR1_00084,0,10,silencer_power_fuse,0.0102,25,0.3
P1,A1_B2_P1_2022-05-12_IR1_00085,0,0,core_iron,0.0040,15,0.3
P1,A1_B2_P1_2022-05-12_IR1_00085,1,1,epoxy_surface,0.0187,126,0.3
P1,A1_B2_P1_2022-05-12_IR1_00085,2,1,epoxy_surface,0.0073,101,0.3
P1,A1_B2_P1_2022-05-12_IR1_00085,3,10,silencer_power_fuse,0.0083,42,0.3
P1,A1_B2_P1_2022-05-12_IR1_00086,0,1,epoxy_surface,0.0069,103,0.3
P1,A1_B2_P1_2022-05-12_IR1_00086,1,10,silencer_power_fuse,0.0006,2,0.3
P1,A1_B2_P1_2022-05-12_IR1_00086,2,1,epoxy_surface,0.0267,103,0.3
P1,A1_B2_P1_2022-05-12_IR1_00086,3,0,core_iron,0.0043,16,0.3
P1,A1_B2_P1_2022-05-12_IR1_00087,0,1,epoxy_surface,0.0106,103,0.3
P1,A1_B2_P1_2022-05-12_IR1_00087,1,1,epoxy_surface,0.0236,62,0.3
P1,A1_B2_P1_2022-05-12_IR1_00087,2,10,silencer_power_fuse,0.0141,33,0.3
P1,A1_B2_P1_2022-05-12_IR1_00088,0,10,silencer_power_fuse,0.0094,20,0.3
P1,A1_B2_P1_2022-05-12_IR1_00088,1,1,epoxy_surface,0.0203,105,0.3
P1,A1_B2_P1_2022-05-12_IR1_00088,2,1,epoxy_surface,0.0119,103,0.3
P1,A1_B2_P1_2022-05-12_IR1_00088,3,0,core_iron,0.0054,28,0.3
P1,A1_B2_P1_2022-05-12_IR1_00089,0,0,core_iron,0.0109,41,0.3
P1,A1_B2_P1_2022-05-12_IR1_00089,1,1,epoxy_surface,0.0061,103,0.3
P1,A1_B2_P1_2022-05-12_IR1_00089,2,1,epoxy_surface,0.0084,171,0.3
P1,A1_B2_P1_2022-05-12_IR1_00089,3,10,silencer_power_fuse,0.0034,13,0.3
P1,A1_B2_P1_2022-05-12_IR1_00090,0,10,silencer_power_fuse,0.0098,34,0.3
P1,A1_B2_P1_2022-05-12_IR1_00090,1,1,epoxy_surface,0.0168,153,0.3
P1,A1_B2_P1_2022-05-12_IR1_00090,2,0,core_iron,0.0170,145,0.3
P1,A1_B2_P1_2022-05-12_IR1_00090,3,1,epoxy_surface,0.0066,103,0.3
P1,A1_B2_P1_2022-05-12_IR1_00090,4,1,epoxy_surface,0.0102,155,0.3
P1,A1_B2_P1_2022-05-12_IR1_00091,0,1,epoxy_surface,0.0063,104,0.3
P1,A1_B2_P1_2022-05-12_IR1_00091,1,1,epoxy_surface,0.0041,57,0.3
P1,A1_B2_P1_2022-05-12_IR1_00091,2,1,epoxy_surface,0.0307,121,0.3
P1,A1_B2_P1_2022-05-12_IR1_00091,3,0,core_iron,0.0029,19,0.3
P1,A1_B2_P1_2022-05-12_IR1_00091,4,10,silencer_power_fuse,0.0056,19,0.3
P1,A1_B2_P1_2022-05-12_IR1_00092,0,1,epoxy_surface,0.0241,92,0.3
P1,A1_B2_P1_2022-05-12_IR1_00092,1,1,epoxy_surface,0.0047,47,0.3
P1,A1_B2_P1_2022-05-12_IR1_00092,2,1,epoxy_surface,0.0096,104,0.3
P1,A1_B2_P1_2022-05-12_IR1_00092,3,0,core_iron,0.0045,23,0.3
P1,A1_B2_P1_2022-05-12_IR1_00092,4,10,silencer_power_fuse,0.0152,46,0.3
P1,A1_B2_P1_2022-05-12_IR1_00092,5,10,silencer_power_fuse,0.0223,42,0.3
P1,A1_B2_P1_2022-05-12_IR1_00093,0,1,epoxy_surface,0.0090,124,0.3
P1,A1_B2_P1_2022-05-12_IR1_00093,1,1,epoxy_surface,0.0090,95,0.3
P1,A1_B2_P1_2022-05-12_IR1_00093,2,10,silencer_power_fuse,0.0146,49,0.3
P1,A1_B2_P1_2022-05-12_IR1_00093,3,10,silencer_power_fuse,0.0337,113,0.3
P1,A1_B2_P1_2022-05-12_IR1_00093,4,0,core_iron,0.0046,21,0.3
P1,A1_B2_P1_2022-05-12_IR1_00094,0,1,epoxy_surface,0.0028,40,0.3
P1,A1_B2_P1_2022-05-12_IR1_00094,1,10,silencer_power_fuse,0.0029,10,0.3
P1,A1_B2_P1_2022-05-12_IR1_00094,2,0,core_iron,0.0106,36,0.3
P1,A1_B2_P1_2022-05-12_IR1_00094,3,1,epoxy_surface,0.0016,7,0.3
P1,A1_B2_P1_2022-05-12_IR1_00095,0,0,core_iron,0.0047,30,0.3
P1,A1_B2_P1_2022-05-12_IR1_00095,1,10,silencer_power_fuse,0.0152,33,0.3
P1,A1_B2_P1_2022-05-12_IR1_00095,2,1,epoxy_surface,0.0099,77,0.3
P1,A1_B2_P1_2022-05-12_IR1_00095,3,1,epoxy_surface,0.0105,102,0.3
P1,A1_B2_P1_2022-05-12_IR1_00096,0,10,silencer_power_fuse,0.0027,22,0.3
P1,A1_B2_P1_2022-05-12_IR1_00097,0,10,silencer_power_fuse,0.0114,48,0.3
P1,A1_B2_P1_2022-05-12_IR1_00097,1,10,silencer_power_fuse,0.0323,135,0.3
P1,A1_B2_P1_2022-05-12_IR1_00098,0,1,epoxy_surface,0.0155,87,0.3
P1,A1_B2_P1_2022-05-12_IR1_00098,1,10,silencer_power_fuse,0.0044,8,0.3
P1,A1_B2_P1_2022-05-12_IR1_00098,2,1,epoxy_surface,0.0057,50,0.3
P1,A1_B2_P1_2022-05-12_IR1_00098,3,0,core_iron,0.0062,30,0.3
P1,A1_B3_P1_2022-05-24_IR1_00001,0,1,epoxy_surface,0.0174,175,0.3
P1,A1_B3_P1_2022-05-24_IR1_00001,1,0,core_iron,0.0037,17,0.3
P1,A1_B3_P1_2022-05-24_IR1_00001,2,0,core_iron,0.0035,23,0.3
P1,A1_B3_P1_2022-05-24_IR1_00001,4,1,epoxy_surface,0.0080,73,0.3
P1,A1_B3_P1_2022-05-24_IR1_00002,0,0,core_iron,0.0043,32,0.3
P1,A1_B3_P1_2022-05-24_IR1_00002,6,1,epoxy_surface,0.0082,22,0.3
P1,A1_B3_P1_2022-05-24_IR1_00003,0,1,epoxy_surface,0.0063,45,0.3
P1,A1_B3_P1_2022-05-24_IR1_00003,1,1,epoxy_surface,0.0134,99,0.3
P1,A1_B3_P1_2022-05-24_IR1_00003,2,1,epoxy_surface,0.0033,22,0.3
P1,A1_B3_P1_2022-05-24_IR1_00004,0,1,epoxy_surface,0.0133,79,0.3
P1,A1_B3_P1_2022-05-24_IR1_00004,2,1,epoxy_surface,0.0021,15,0.3
P1,A1_B3_P1_2022-05-24_IR1_00004,3,0,core_iron,0.0040,32,0.3
P1,A1_B3_P1_2022-05-24_IR1_00004,4,1,epoxy_surface,0.0104,68,0.3
P1,A1_B3_P1_2022-05-24_IR1_00005,0,1,epoxy_surface,0.0109,54,0.3
P1,A1_B3_P1_2022-05-24_IR1_00005,1,1,epoxy_surface,0.0112,75,0.3
P1,A1_B3_P1_2022-05-24_IR1_00005,4,1,epoxy_surface,0.0116,78,0.3
P1,A1_B3_P1_2022-05-24_IR1_00005,7,0,core_iron,0.0041,32,0.3
P1,A1_B3_P1_2022-05-24_IR1_00006,1,1,epoxy_surface,0.0009,2,0.3
P1,A1_B3_P1_2022-05-24_IR1_00006,2,1,epoxy_surface,0.0192,80,0.3
P1,A1_B3_P1_2022-05-24_IR1_00006,5,1,epoxy_surface,0.0185,79,0.3
P1,A1_B3_P1_2022-05-24_IR1_00007,3,1,epoxy_surface,0.0041,17,0.3
P1,A1_B3_P1_2022-05-24_IR1_00007,5,1,epoxy_surface,0.0147,78,0.3
P1,A1_B3_P1_2022-05-24_IR1_00007,6,1,epoxy_surface,0.0193,92,0.3
P1,A1_B3_P1_2022-05-24_IR1_00007,7,0,core_iron,0.0077,64,0.3
P1,A1_B3_P1_2022-05-24_IR1_00008,0,0,core_iron,0.0038,19,0.3
P1,A1_B3_P1_2022-05-24_IR1_00008,2,1,epoxy_surface,0.0128,71,0.3
P1,A1_B3_P1_2022-05-24_IR1_00008,3,1,epoxy_surface,0.0177,89,0.3
P1,A1_B3_P1_2022-05-24_IR1_00008,6,1,epoxy_surface,0.0042,26,0.3
P1,A1_B3_P1_2022-05-24_IR1_00009,1,0,core_iron,0.0040,25,0.3
P1,A1_B3_P1_2022-05-24_IR1_00009,3,1,epoxy_surface,0.0135,97,0.3
P1,A1_B3_P1_2022-05-24_IR1_00009,4,1,epoxy_surface,0.0097,76,0.3
P1,A1_B3_P1_2022-05-24_IR1_00009,5,1,epoxy_surface,0.0022,15,0.3
P1,A1_B3_P1_2022-05-24_IR1_00010,0,1,epoxy_surface,0.0130,79,0.3
P1,A1_B3_P1_2022-05-24_IR1_00010,2,1,epoxy_surface,0.0120,74,0.3
P1,A1_B3_P1_2022-05-24_IR1_00010,3,0,core_iron,0.0040,32,0.3
P1,A1_B3_P1_2022-05-24_IR1_00010,7,1,epoxy_surface,0.0115,57,0.3
P1,A1_B3_P1_2022-05-24_IR1_00011,0,1,epoxy_surface,0.0196,82,0.3
P1,A1_B3_P1_2022-05-24_IR1_00011,3,0,core_iron,0.0040,21,0.3
P1,A1_B3_P1_2022-05-24_IR1_00011,5,1,epoxy_surface,0.0030,16,0.3
P1,A1_B3_P1_2022-05-24_IR1_00011,6,1,epoxy_surface,0.0139,76,0.3
P1,A1_B3_P1_2022-05-24_IR1_00012,0,1,epoxy_surface,0.0098,45,0.3
P1,A1_B3_P1_2022-05-24_IR1_00012,1,1,epoxy_surface,0.0151,71,0.3
P1,A1_B3_P1_2022-05-24_IR1_00012,2,0,core_iron,0.0040,19,0.3
P1,A1_B3_P1_2022-05-24_IR1_00012,3,1,epoxy_surface,0.0169,77,0.3
P1,A1_B3_P1_2022-05-24_IR1_00013,3,1,epoxy_surface,0.0131,25,0.3
P1,A1_B3_P1_2022-05-24_IR1_00013,5,0,core_iron,0.0036,24,0.3
P1,A1_B3_P1_2022-05-24_IR1_00014,1,0,core_iron,0.0029,23,0.3
P1,A1_B3_P1_2022-05-24_IR1_00014,3,1,epoxy_surface,0.0077,22,0.3
P1,A1_B3_P1_2022-05-24_IR1_00015,1,1,epoxy_surface,0.0079,22,0.3
P1,A1_B3_P1_2022-05-24_IR1_00015,5,0,core_iron,0.0029,23,0.3
P1,A1_B3_P1_2022-05-24_IR1_00016,0,0,core_iron,0.0046,29,0.3
P1,A1_B3_P1_2022-05-24_IR1_00016,2,1,epoxy_surface,0.0175,94,0.3
P1,A1_B3_P1_2022-05-24_IR1_00016,5,1,epoxy_surface,0.0264,77,0.3
P1,A1_B3_P1_2022-05-24_IR1_00017,1,0,core_iron,0.0056,32,0.3
P1,A1_B3_P1_2022-05-24_IR1_00017,3,1,epoxy_surface,0.0154,93,0.3
P1,A1_B3_P1_2022-05-24_IR1_00017,4,1,epoxy_surface,0.0329,53,0.3
P1,A1_B3_P1_2022-05-24_IR1_00018,0,0,core_iron,0.0045,26,0.3
P1,A1_B3_P1_2022-05-24_IR1_00018,3,1,epoxy_surface,0.0400,55,0.3
P1,A1_B3_P1_2022-05-24_IR1_00018,5,1,epoxy_surface,0.0185,97,0.3
P1,A1_B3_P1_2022-05-24_IR1_00019,1,1,epoxy_surface,0.0238,96,0.3
P1,A1_B3_P1_2022-05-24_IR1_00019,2,0,core_iron,0.0037,20,0.3
P1,A1_B3_P1_2022-05-24_IR1_00019,4,1,epoxy_surface,0.0235,23,0.3
P1,A1_B3_P1_2022-05-24_IR1_00020,2,1,epoxy_surface,0.0180,17,0.3
P1,A1_B3_P1_2022-05-24_IR1_00020,4,0,core_iron,0.0344,159,0.3
P1,A1_B3_P1_2022-05-24_IR1_00020,5,2,mold_tr_contact,0.0692,9,0.3
P1,A1_B3_P1_2022-05-24_IR1_00021,4,0,core_iron,0.0379,177,0.3
P1,A1_B3_P1_2022-05-24_IR1_00022,1,0,core_iron,0.0373,138,0.3
P1,A1_B3_P1_2022-05-24_IR1_00022,2,1,epoxy_surface,0.0043,5,0.3
P1,A1_B3_P1_2022-05-24_IR1_00023,0,1,epoxy_surface,0.0222,91,0.3
P1,A1_B3_P1_2022-05-24_IR1_00023,1,1,epoxy_surface,0.0305,81,0.3
P1,A1_B3_P1_2022-05-24_IR1_00023,5,0,core_iron,0.0062,44,0.3
P1,A1_B3_P1_2022-05-24_IR1_00023,6,1,epoxy_surface,0.0029,8,0.3
P1,A1_B3_P1_2022-05-24_IR1_00024,3,1,epoxy_surface,0.0115,29,0.3
P1,A1_B3_P1_2022-05-24_IR1_00024,4,1,epoxy_surface,0.0175,91,0.3
P1,A1_B3_P1_2022-05-24_IR1_00024,5,1,epoxy_surface,0.0104,47,0.3
P1,A1_B3_P1_2022-05-24_IR1_00024,6,0,core_iron,0.0040,25,0.3
P1,A1_B3_P1_2022-05-24_IR1_00024,7,2,mold_tr_contact,0.0909,16,0.3
P1,A1_B3_P1_2022-05-24_IR1_00025,1,1,epoxy_surface,0.0192,87,0.3
P1,A1_B3_P1_2022-05-24_IR1_00025,2,1,epoxy_surface,0.0095,43,0.3
P1,A1_B3_P1_2022-05-24_IR1_00025,7,0,core_iron,0.0041,21,0.3
P1,A1_B3_P1_2022-05-24_IR1_00025,8,1,epoxy_surface,0.0126,23,0.3
P1,A1_B3_P1_2022-05-24_IR1_00026,2,1,epoxy_surface,0.0269,91,0.3
P1,A1_B3_P1_2022-05-24_IR1_00026,3,1,epoxy_surface,0.0208,86,0.3
P1,A1_B3_P1_2022-05-24_IR1_00026,4,1,epoxy_surface,0.0082,24,0.3
P1,A1_B3_P1_2022-05-24_IR1_00026,6,0,core_iron,0.0067,44,0.3
P1,A1_B3_P1_2022-05-24_IR1_00026,7,2,mold_tr_contact,0.0833,17,0.3
P1,A1_B3_P1_2022-05-24_IR1_00026,9,2,mold_tr_contact,0.0909,16,0.3
P1,A1_B3_P1_2022-05-24_IR1_00027,0,1,epoxy_surface,0.0066,32,0.3
P1,A1_B3_P1_2022-05-24_IR1_00027,1,1,epoxy_surface,0.0200,85,0.3
P1,A1_B3_P1_2022-05-24_IR1_00027,3,0,core_iron,0.0040,23,0.3
P1,A1_B3_P1_2022-05-24_IR1_00027,7,1,epoxy_surface,0.0304,70,0.3
P1,A1_B3_P1_2022-05-24_IR1_00028,1,0,core_iron,0.0039,23,0.3
P1,A1_B3_P1_2022-05-24_IR1_00028,3,1,epoxy_surface,0.0069,35,0.3
P1,A1_B3_P1_2022-05-24_IR1_00028,4,1,epoxy_surface,0.0172,75,0.3
P1,A1_B3_P1_2022-05-24_IR1_00028,6,1,epoxy_surface,0.0244,71,0.3
P1,A1_B3_P1_2022-05-24_IR1_00029,1,1,epoxy_surface,0.0250,80,0.3
P1,A1_B3_P1_2022-05-24_IR1_00029,2,1,epoxy_surface,0.0075,23,0.3
P1,A1_B3_P1_2022-05-24_IR1_00029,3,1,epoxy_surface,0.0119,22,0.3
P1,A1_B3_P1_2022-05-24_IR1_00029,4,0,core_iron,0.0017,10,0.3
P1,A1_B3_P1_2022-05-24_IR1_00030,0,1,epoxy_surface,0.0011,3,0.3
P1,A1_B3_P1_2022-05-24_IR1_00030,1,1,epoxy_surface,0.0296,99,0.3
P1,A1_B3_P1_2022-05-24_IR1_00030,3,0,core_iron,0.0051,30,0.3
P1,A1_B3_P1_2022-05-24_IR1_00030,6,1,epoxy_surface,0.0227,82,0.3
P1,A1_B3_P1_2022-05-24_IR1_00031,2,1,epoxy_surface,0.0094,18,0.3
P1,A1_B3_P1_2022-05-24_IR1_00031,5,1,epoxy_surface,0.0007,2,0.3
P1,A1_B3_P1_2022-05-24_IR1_00032,0,2,mold_tr_contact,0.1111,16,0.3
P1,A1_B3_P1_2022-05-24_IR1_00032,1,1,epoxy_surface,0.0200,85,0.3
P1,A1_B3_P1_2022-05-24_IR1_00032,2,1,epoxy_surface,0.0007,2,0.3
P1,A1_B3_P1_2022-05-24_IR1_00032,3,1,epoxy_surface,0.0061,7,0.3
P1,A1_B3_P1_2022-05-24_IR1_00032,5,0,core_iron,0.0048,24,0.3
P1,A1_B3_P1_2022-05-24_IR1_00033,0,0,core_iron,0.0055,23,0.3
P1,A1_B3_P1_2022-05-24_IR1_00033,1,1,epoxy_surface,0.0095,22,0.3
P1,A1_B3_P1_2022-05-24_IR1_00033,2,1,epoxy_surface,0.0142,60,0.3
P1,A1_B3_P1_2022-05-24_IR1_00034,2,1,epoxy_surface,0.0119,59,0.3
P1,A1_B3_P1_2022-05-24_IR1_00034,3,0,core_iron,0.0058,24,0.3
P1,A1_B3_P1_2022-05-24_IR1_00034,4,1,epoxy_surface,0.0102,29,0.3
P1,A1_B3_P1_2022-05-24_IR1_00035,0,1,epoxy_surface,0.0135,77,0.3
P1,A1_B3_P1_2022-05-24_IR1_00035,2,1,epoxy_surface,0.0171,42,0.3
P1,A1_B3_P1_2022-05-24_IR1_00035,3,0,core_iron,0.0049,24,0.3
P1,A1_B3_P1_2022-05-24_IR1_00035,7,1,epoxy_surface,0.0026,13,0.3
P1,A1_B3_P1_2022-05-24_IR1_00036,1,0,core_iron,0.0051,27,0.3
P1,A1_B3_P1_2022-05-24_IR1_00036,3,1,epoxy_surface,0.0026,10,0.3
P1,A1_B3_P1_2022-05-24_IR1_00036,4,1,epoxy_surface,0.0165,32,0.3
P1,A1_B3_P1_2022-05-24_IR1_00036,6,1,epoxy_surface,0.0169,41,0.3
P1,A1_B3_P1_2022-05-24_IR1_00037,0,1,epoxy_surface,0.0039,15,0.3
P1,A1_B3_P1_2022-05-24_IR1_00037,2,1,epoxy_surface,0.0187,36,0.3
P1,A1_B3_P1_2022-05-24_IR1_00037,3,1,epoxy_surface,0.0164,44,0.3
P1,A1_B3_P1_2022-05-24_IR1_00037,5,0,core_iron,0.0054,27,0.3
P1,A1_B3_P1_2022-05-24_IR1_00038,3,0,core_iron,0.0057,24,0.3
P1,A1_B3_P1_2022-05-24_IR1_00038,4,1,epoxy_surface,0.0047,16,0.3
P1,A1_B3_P1_2022-05-24_IR1_00038,5,0,core_iron,0.0058,24,0.3
P1,A1_B3_P1_2022-05-24_IR1_00038,6,1,epoxy_surface,0.0222,44,0.3
P1,A1_B3_P1_2022-05-24_IR1_00038,7,1,epoxy_surface,0.0145,21,0.3
P1,A1_B3_P1_2022-05-24_IR1_00039,1,1,epoxy_surface,0.0151,18,0.3
P1,A1_B3_P1_2022-05-24_IR1_00039,3,1,epoxy_surface,0.0034,6,0.3
P1,A1_B3_P1_2022-05-24_IR1_00039,6,0,core_iron,0.0051,24,0.3
P1,A1_B3_P1_2022-05-24_IR1_00039,7,1,epoxy_surface,0.0235,78,0.3
P1,A1_B3_P1_2022-05-24_IR1_00040,0,1,epoxy_surface,0.0196,61,0.3
P1,A1_B3_P1_2022-05-24_IR1_00040,1,0,core_iron,0.0054,23,0.3
P1,A1_B3_P1_2022-05-24_IR1_00040,3,1,epoxy_surface,0.0095,19,0.3
P1,A1_B3_P1_2022-05-24_IR1_00041,0,1,epoxy_surface,0.0043,41,0.3
P1,A1_B3_P1_2022-05-24_IR1_00041,1,1,epoxy_surface,0.0022,21,0.3
P1,A1_B3_P1_2022-05-24_IR1_00041,2,0,core_iron,0.0185,73,0.3
P1,A1_B3_P1_2022-05-24_IR1_00041,3,1,epoxy_surface,0.0169,161,0.3
P1,A1_B3_P1_2022-05-24_IR1_00041,4,0,core_iron,0.0265,181,0.3
P1,A1_B3_P1_2022-05-24_IR1_00042,1,1,epoxy_surface,0.0019,19,0.3
P1,A1_B3_P1_2022-05-24_IR1_00042,2,0,core_iron,0.0172,73,0.3
P1,A1_B3_P1_2022-05-24_IR1_00042,3,0,core_iron,0.0297,149,0.3
P1,A1_B3_P1_2022-05-24_IR1_00043,0,1,epoxy_surface,0.0138,133,0.3
P1,A1_B3_P1_2022-05-24_IR1_00043,1,2,mold_tr_contact,0.0588,13,0.3
P1,A1_B3_P1_2022-05-24_IR1_00043,4,1,epoxy_surface,0.0069,67,0.3
P1,A1_B3_P1_2022-05-24_IR1_00043,5,1,epoxy_surface,0.0069,68,0.3
P1,A1_B3_P1_2022-05-24_IR1_00043,6,0,core_iron,0.0034,21,0.3
P1,A1_B3_P1_2022-05-24_IR1_00044,0,0,core_iron,0.0247,134,0.3
P1,A1_B3_P1_2022-05-24_IR1_00044,1,1,epoxy_surface,0.0069,67,0.3
P1,A1_B3_P1_2022-05-24_IR1_00044,2,1,epoxy_surface,0.0115,125,0.3
P1,A1_B3_P1_2022-05-24_IR1_00045,0,1,epoxy_surface,0.0069,67,0.3
P1,A1_B3_P1_2022-05-24_IR1_00045,1,2,mold_tr_contact,0.0171,4,0.3
P1,A1_B3_P1_2022-05-24_IR1_00045,2,1,epoxy_surface,0.0093,81,0.3
P1,A1_B3_P1_2022-05-24_IR1_00045,5,0,core_iron,0.0215,138,0.3
P1,A1_B3_P1_2022-05-24_IR1_00045,6,1,epoxy_surface,0.0007,7,0.3
P1,A1_B3_P1_2022-05-24_IR1_00046,0,2,mold_tr_contact,0.0588,14,0.3
P1,A1_B3_P1_2022-05-24_IR1_00046,1,1,epoxy_surface,0.0007,6,0.3
P1,A1_B3_P1_2022-05-24_IR1_00046,2,2,mold_tr_contact,0.0407,9,0.3
P1,A1_B3_P1_2022-05-24_IR1_00046,4,0,core_iron,0.0036,23,0.3
P1,A1_B3_P1_2022-05-24_IR1_00046,5,1,epoxy_surface,0.0069,67,0.3
P1,A1_B3_P1_2022-05-24_IR1_00046,6,2,mold_tr_contact,0.0588,13,0.3
P1,A1_B3_P1_2022-05-24_IR1_00046,7,1,epoxy_surface,0.0093,91,0.3
P1,A1_B3_P1_2022-05-24_IR1_00047,1,0,core_iron,0.0303,191,0.3
P1,A1_B3_P1_2022-05-24_IR1_00047,3,0,core_iron,0.0142,63,0.3
P1,A1_B3_P1_2022-05-24_IR1_00048,0,1,epoxy_surface,0.0115,93,0.3
P1,A1_B3_P1_2022-05-24_IR1_00048,3,0,core_iron,0.0368,162,0.3
P1,A1_B3_P1_2022-05-24_IR1_00048,4,0,core_iron,0.0302,179,0.3
P1,A1_B3_P1_2022-05-24_IR1_00049,0,0,core_iron,0.0150,51,0.3
P1,A1_B3_P1_2022-05-24_IR1_00049,3,1,epoxy_surface,0.0018,21,0.3
P1,A1_B3_P1_2022-05-24_IR1_00049,4,0,core_iron,0.0289,171,0.3
P1,A1_B3_P1_2022-05-24_IR1_00050,0,1,epoxy_surface,0.0071,77,0.3
P1,A1_B3_P1_2022-05-24_IR1_00050,1,1,epoxy_surface,0.0154,185,0.3
P1,A1_B3_P1_2022-05-24_IR1_00050,2,0,core_iron,0.0265,122,0.3
P1,A1_B3_P1_2022-05-24_IR1_00051,0,1,epoxy_surface,0.0065,83,0.3
P1,A1_B3_P1_2022-05-24_IR1_00051,1,0,core_iron,0.0023,7,0.3
P1,A1_B3_P1_2022-05-24_IR1_00051,2,0,core_iron,0.0251,125,0.3
P1,A1_B3_P1_2022-05-24_IR1_00051,5,1,epoxy_surface,0.0164,209,0.3
P1,A1_B3_P1_2022-05-24_IR1_00052,0,0,core_iron,0.0166,58,0.3
P1,A1_B3_P1_2022-05-24_IR1_00052,1,1,epoxy_surface,0.0160,246,0.3
P1,A1_B3_P1_2022-05-24_IR1_00052,2,1,epoxy_surface,0.0060,87,0.3
P1,A1_B3_P1_2022-05-24_IR1_00053,0,1,epoxy_surface,0.0144,174,0.3
P1,A1_B3_P1_2022-05-24_IR1_00053,1,0,core_iron,0.0407,121,0.3
P1,A1_B3_P1_2022-05-24_IR1_00053,2,1,epoxy_surface,0.0063,81,0.3
P1,A1_B3_P1_2022-05-24_IR1_00054,0,0,core_iron,0.0334,117,0.3
P1,A1_B3_P1_2022-05-24_IR1_00054,1,0,core_iron,0.0055,23,0.3
P1,A1_B3_P1_2022-05-24_IR1_00054,2,1,epoxy_surface,0.0148,180,0.3
P1,A1_B3_P1_2022-05-24_IR1_00054,3,1,epoxy_surface,0.0067,81,0.3
P1,A1_B3_P1_2022-05-24_IR1_00055,2,1,epoxy_surface,0.0194,118,0.3
P1,A1_B3_P1_2022-05-24_IR1_00055,3,0,core_iron,0.0393,118,0.3
P1,A1_B3_P1_2022-05-24_IR1_00055,4,0,core_iron,0.0051,22,0.3
P1,A1_B3_P1_2022-05-24_IR1_00056,0,1,epoxy_surface,0.0252,142,0.3
P1,A1_B3_P1_2022-05-24_IR1_00056,1,0,core_iron,0.0029,8,0.3
P1,A1_B3_P1_2022-05-24_IR1_00056,3,1,epoxy_surface,0.0017,19,0.3
P1,A1_B3_P1_2022-05-24_IR1_00057,0,0,core_iron,0.0196,45,0.3
P1,A1_B3_P1_2022-05-24_IR1_00057,3,1,epoxy_surface,0.0112,127,0.3
P1,A1_B3_P1_2022-05-24_IR1_00057,6,1,epoxy_surface,0.0034,14,0.3
P1,A1_B3_P1_2022-05-24_IR1_00058,0,0,core_iron,0.0008,2,0.3
P1,A1_B3_P1_2022-05-24_IR1_00058,1,1,epoxy_surface,0.0105,142,0.3
P1,A1_B3_P1_2022-05-24_IR1_00058,3,0,core_iron,0.0216,46,0.3
P1,A1_B3_P1_2022-05-24_IR1_00059,0,1,epoxy_surface,0.0242,135,0.3
P1,A1_B3_P1_2022-05-24_IR1_00059,3,1,epoxy_surface,0.0010,10,0.3
P1,A1_B3_P1_2022-05-24_IR1_00059,4,0,core_iron,0.0184,98,0.3
P1,A1_B3_P1_2022-05-24_IR1_00059,5,1,epoxy_surface,0.0069,72,0.3
P1,A1_B3_P1_2022-05-24_IR1_00060,0,1,epoxy_surface,0.0107,136,0.3
P1,A1_B3_P1_2022-05-24_IR1_00060,1,2,mold_tr_contact,0.0404,8,0.3
P1,A1_B3_P1_2022-05-24_IR1_00060,2,1,epoxy_surface,0.0051,32,0.3
P1,A1_B3_P1_2022-05-24_IR1_00060,3,0,core_iron,0.0070,36,0.3
P1,A1_B3_P1_2022-05-24_IR1_00060,5,2,mold_tr_contact,0.0940,11,0.3
P1,A1_B3_P1_2022-05-24_IR1_00061,0,1,epoxy_surface,0.0147,137,0.3
P1,A1_B3_P1_2022-05-24_IR1_00061,1,1,epoxy_surface,0.0023,19,0.3
P1,A1_B3_P1_2022-05-24_IR1_00062,0,1,epoxy_surface,0.0118,130,0.3
P1,A1_B3_P1_2022-05-24_IR1_00062,1,1,epoxy_surface,0.0002,2,0.3
P1,A1_B3_P1_2022-05-24_IR1_00062,2,0,core_iron,0.0191,88,0.3
P1,A1_B3_P1_2022-05-24_IR1_00063,0,1,epoxy_surface,0.0114,137,0.3
P1,A1_B3_P1_2022-05-24_IR1_00063,1,1,epoxy_surface,0.0046,15,0.3
P1,A1_B3_P1_2022-05-24_IR1_00063,2,0,core_iron,0.0259,101,0.3
P1,A1_B3_P1_2022-05-24_IR1_00063,3,0,core_iron,0.0033,6,0.3
P1,A1_B3_P1_2022-05-24_IR1_00064,1,1,epoxy_surface,0.0017,21,0.3
P1,A1_B3_P1_2022-05-24_IR1_00064,2,1,epoxy_surface,0.0225,137,0.3
P1,A1_B3_P1_2022-05-24_IR1_00064,3,0,core_iron,0.0004,2,0.3
P1,A1_B3_P1_2022-05-24_IR1_00064,4,0,core_iron,0.0212,75,0.3
P1,A1_B3_P1_2022-05-24_IR1_00067,0,1,epoxy_surface,0.0020,15,0.3
P1,A1_B3_P1_2022-05-24_IR1_00067,1,1,epoxy_surface,0.0103,76,0.3
P1,A1_B3_P1_2022-05-24_IR1_00067,2,2,mold_tr_contact,0.0114,4,0.3
P1,A1_B3_P1_2022-05-24_IR1_00067,3,0,core_iron,0.0040,27,0.3
P1,A1_B3_P1_2022-05-24_IR1_00067,9,1,epoxy_surface,0.0102,76,0.3
P1,A1_B3_P1_2022-05-24_IR1_00068,0,1,epoxy_surface,0.0108,87,0.3
P1,A1_B3_P1_2022-05-24_IR1_00068,3,1,epoxy_surface,0.0158,100,0.3
P1,A1_B3_P1_2022-05-24_IR1_00068,5,2,mold_tr_contact,0.0625,35,0.3
P1,A1_B3_P1_2022-05-24_IR1_00068,6,1,epoxy_surface,0.0095,59,0.3
P1,A1_B3_P1_2022-05-24_IR1_00068,7,0,core_iron,0.0067,54,0.3
P1,A1_B3_P1_2022-05-24_IR1_00069,0,1,epoxy_surface,0.0016,7,0.3
P1,A1_B3_P1_2022-05-24_IR1_00069,1,1,epoxy_surface,0.0123,94,0.3
P1,A1_B3_P1_2022-05-24_IR1_00069,2,1,epoxy_surface,0.0165,92,0.3
P1,A1_B3_P1_2022-05-24_IR1_00069,6,0,core_iron,0.0039,27,0.3
P1,A1_B3_P1_2022-05-24_IR1_00070,3,1,epoxy_surface,0.0201,116,0.3
P1,A1_B3_P1_2022-05-24_IR1_00070,4,1,epoxy_surface,0.0034,11,0.3
P1,A1_B3_P1_2022-05-24_IR1_00070,5,1,epoxy_surface,0.0144,89,0.3
P1,A1_B3_P1_2022-05-24_IR1_00070,7,0,core_iron,0.0039,22,0.3
P1,A1_B3_P1_2022-05-24_IR1_00071,0,1,epoxy_surface,0.0088,27,0.3
P1,A1_B3_P1_2022-05-24_IR1_00071,1,0,core_iron,0.0071,34,0.3
P1,A1_B3_P1_2022-05-24_IR1_00071,4,2,mold_tr_contact,0.0667,33,0.3
P1,A1_B3_P1_2022-05-24_IR1_00071,6,1,epoxy_surface,0.0267,106,0.3
P1,A1_B3_P1_2022-05-24_IR1_00071,7,1,epoxy_surface,0.0165,83,0.3
P1,A1_B3_P1_2022-05-24_IR1_00072,1,1,epoxy_surface,0.0196,89,0.3
P1,A1_B3_P1_2022-05-24_IR1_00072,3,1,epoxy_surface,0.0098,31,0.3
P1,A1_B3_P1_2022-05-24_IR1_00072,4,1,epoxy_surface,0.0277,93,0.3
P1,A1_B3_P1_2022-05-24_IR1_00073,1,0,core_iron,0.0038,28,0.3
P1,A1_B3_P1_2022-05-24_IR1_00073,2,1,epoxy_surface,0.0131,92,0.3
P1,A1_B3_P1_2022-05-24_IR1_00073,3,1,epoxy_surface,0.0098,91,0.3
P1,A1_B3_P1_2022-05-24_IR1_00073,4,10,silencer_power_fuse,0.0065,24,0.3
P1,A1_B3_P1_2022-05-24_IR1_00073,7,1,epoxy_surface,0.0107,77,0.3
P1,A1_B3_P1_2022-05-24_IR1_00074,1,0,core_iron,0.0039,21,0.3
P1,A1_B3_P1_2022-05-24_IR1_00074,3,1,epoxy_surface,0.0089,74,0.3
P1,A1_B3_P1_2022-05-24_IR1_00074,4,1,epoxy_surface,0.0100,70,0.3
P1,A1_B3_P1_2022-05-24_IR1_00074,5,1,epoxy_surface,0.0110,83,0.3
P1,A1_B3_P1_2022-05-24_IR1_00075,1,1,epoxy_surface,0.0110,91,0.3
P1,A1_B3_P1_2022-05-24_IR1_00075,4,1,epoxy_surface,0.0098,69,0.3
P1,A1_B3_P1_2022-05-24_IR1_00075,5,0,core_iron,0.0068,64,0.3
P1,A1_B3_P1_2022-05-24_IR1_00075,7,1,epoxy_surface,0.0219,164,0.3
P1,A1_B3_P1_2022-05-24_IR1_00076,0,1,epoxy_surface,0.0025,14,0.3
P1,A1_B3_P1_2022-05-24_IR1_00076,3,1,epoxy_surface,0.0112,87,0.3
P1,A1_B3_P1_2022-05-24_IR1_00076,5,1,epoxy_surface,0.0173,96,0.3
P1,A1_B3_P1_2022-05-24_IR1_00077,0,1,epoxy_surface,0.0353,77,0.3
P1,A1_B3_P1_2022-05-24_IR1_00077,2,1,epoxy_surface,0.0244,103,0.3
P1,A1_B3_P1_2022-05-24_IR1_00077,4,0,core_iron,0.0053,27,0.3
P1,A1_B3_P1_2022-05-24_IR1_00078,0,0,core_iron,0.0065,28,0.3
P1,A1_B3_P1_2022-05-24_IR1_00078,3,1,epoxy_surface,0.0179,64,0.3
P1,A1_B3_P1_2022-05-24_IR1_00078,4,1,epoxy_surface,0.0271,83,0.3
P1,A1_B3_P1_2022-05-24_IR1_00079,3,1,epoxy_surface,0.0355,78,0.3
P1,A1_B3_P1_2022-05-24_IR1_00079,4,0,core_iron,0.0046,19,0.3
P1,A1_B3_P1_2022-05-24_IR1_00080,0,1,epoxy_surface,0.0238,84,0.3
P1,A1_B3_P1_2022-05-24_IR1_00080,2,1,epoxy_surface,0.0348,89,0.3
P1,A1_B3_P1_2022-05-24_IR1_00080,3,0,core_iron,0.0045,21,0.3
P1,A1_B3_P1_2022-05-24_IR1_00080,5,2,mold_tr_contact,0.0667,37,0.3
P1,A1_B3_P1_2022-05-24_IR1_00081,0,1,epoxy_surface,0.0182,108,0.3
P1,A1_B3_P1_2022-05-24_IR1_00081,2,0,core_iron,0.0055,28,0.3
P1,A1_B3_P1_2022-05-24_IR1_00081,3,1,epoxy_surface,0.0332,67,0.3
P1,A1_B3_P1_2022-05-24_IR1_00082,1,0,core_iron,0.0052,28,0.3
P1,A1_B3_P1_2022-05-24_IR1_00082,3,1,epoxy_surface,0.0154,107,0.3
P1,A1_B3_P1_2022-05-24_IR1_00082,4,2,mold_tr_contact,0.0455,40,0.3
P1,A1_B3_P1_2022-05-24_IR1_00082,5,1,epoxy_surface,0.0238,75,0.3
P1,A1_B3_P1_2022-05-24_IR1_00083,0,1,epoxy_surface,0.0158,104,0.3
P1,A1_B3_P1_2022-05-24_IR1_00083,1,1,epoxy_surface,0.0223,83,0.3
P1,A1_B3_P1_2022-05-24_IR1_00083,4,0,core_iron,0.0054,25,0.3
P1,A1_B3_P1_2022-05-24_IR1_00084,0,2,mold_tr_contact,0.0588,28,0.3
P1,A1_B3_P1_2022-05-24_IR1_00084,2,1,epoxy_surface,0.0298,76,0.3
P1,A1_B3_P1_2022-05-24_IR1_00084,3,1,epoxy_surface,0.0167,108,0.3
P1,A1_B3_P1_2022-05-24_IR1_00084,4,0,core_iron,0.0054,28,0.3
P1,A1_B3_P1_2022-05-24_IR1_00085,1,1,epoxy_surface,0.0285,88,0.3
P1,A1_B3_P1_2022-05-24_IR1_00085,2,2,mold_tr_contact,0.0556,31,0.3
P1,A1_B3_P1_2022-05-24_IR1_00085,3,0,core_iron,0.0065,28,0.3
P1,A1_B3_P1_2022-05-24_IR1_00085,4,1,epoxy_surface,0.0167,69,0.3
P1,A1_B3_P1_2022-05-24_IR1_00086,3,0,core_iron,0.0069,46,0.3
P1,A1_B3_P1_2022-05-24_IR1_00086,6,1,epoxy_surface,0.0159,107,0.3
P1,A1_B3_P1_2022-05-24_IR1_00086,8,1,epoxy_surface,0.0278,81,0.3
P1,A1_B3_P1_2022-05-24_IR1_00086,9,1,epoxy_surface,0.0084,42,0.3
P1,A1_B3_P1_2022-05-24_IR1_00087,1,1,epoxy_surface,0.0163,94,0.3
P1,A1_B3_P1_2022-05-24_IR1_00087,2,0,core_iron,0.0069,46,0.3
P1,A1_B3_P1_2022-05-24_IR1_00087,5,2,mold_tr_contact,0.0455,41,0.3
P1,A1_B3_P1_2022-05-24_IR1_00087,6,1,epoxy_surface,0.0248,99,0.3
P1,A1_B3_P1_2022-05-24_IR1_00087,7,1,epoxy_surface,0.0094,29,0.3
P1,A1_B3_P1_2022-05-24_IR1_00088,1,0,core_iron,0.0063,38,0.3
P1,A1_B3_P1_2022-05-24_IR1_00088,2,1,epoxy_surface,0.0284,107,0.3
P1,A1_B3_P1_2022-05-24_IR1_00088,8,1,epoxy_surface,0.0102,18,0.3
P1,A1_B3_P1_2022-05-24_IR1_00089,0,1,epoxy_surface,0.0271,90,0.3
P1,A1_B3_P1_2022-05-24_IR1_00089,2,1,epoxy_surface,0.0160,99,0.3
P1,A1_B3_P1_2022-05-24_IR1_00089,3,2,mold_tr_contact,0.0625,34,0.3
P1,A1_B3_P1_2022-05-24_IR1_00089,4,2,mold_tr_contact,0.0667,38,0.3
P1,A1_B3_P1_2022-05-24_IR1_00089,5,1,epoxy_surface,0.0084,27,0.3
P1,A1_B3_P1_2022-05-24_IR1_00089,6,0,core_iron,0.0066,59,0.3
P1,A1_B3_P1_2022-05-24_IR1_00090,0,1,epoxy_surface,0.0308,81,0.3
P1,A1_B3_P1_2022-05-24_IR1_00090,2,2,mold_tr_contact,0.0556,38,0.3
P1,A1_B3_P1_2022-05-24_IR1_00090,4,1,epoxy_surface,0.0099,55,0.3
P1,A1_B3_P1_2022-05-24_IR1_00090,6,1,epoxy_surface,0.0196,101,0.3
P1,A1_B3_P1_2022-05-24_IR1_00091,0,1,epoxy_surface,0.0044,18,0.3
P1,A1_B3_P1_2022-05-24_IR1_00091,2,2,mold_tr_contact,0.0526,40,0.3
P1,A1_B3_P1_2022-05-24_IR1_00091,4,0,core_iron,0.0074,58,0.3
P1,A1_B3_P1_2022-05-24_IR1_00091,5,1,epoxy_surface,0.0175,105,0.3
P1,A1_B3_P1_2022-05-24_IR1_00091,6,1,epoxy_surface,0.0279,66,0.3
P1,A1_B3_P1_2022-05-24_IR1_00092,0,1,epoxy_surface,0.0159,103,0.3
P1,A1_B3_P1_2022-05-24_IR1_00092,1,0,core_iron,0.0038,30,0.3
P1,A1_B3_P1_2022-05-24_IR1_00092,3,1,epoxy_surface,0.0233,75,0.3
P1,A1_B3_P1_2022-05-24_IR1_00092,4,2,mold_tr_contact,0.0588,24,0.3
P1,A1_B3_P1_2022-05-24_IR1_00092,7,1,epoxy_surface,0.0047,21,0.3
P1,A1_B3_P1_2022-05-24_IR1_00093,0,2,mold_tr_contact,0.0667,27,0.3
P1,A1_B3_P1_2022-05-24_IR1_00093,3,0,core_iron,0.0074,58,0.3
P1,A1_B3_P1_2022-05-24_IR1_00093,4,1,epoxy_surface,0.0169,106,0.3
P1,A1_B3_P1_2022-05-24_IR1_00093,5,1,epoxy_surface,0.0086,37,0.3
P1,A1_B3_P1_2022-05-24_IR1_00093,6,1,epoxy_surface,0.0276,79,0.3
P1,A1_B3_P1_2022-05-24_IR1_00094,2,0,core_iron,0.0037,30,0.3
P1,A1_B3_P1_2022-05-24_IR1_00094,3,1,epoxy_surface,0.0196,96,0.3
P1,A1_B3_P1_2022-05-24_IR1_00094,4,1,epoxy_surface,0.0127,94,0.3
P1,A1_B3_P1_2022-05-24_IR1_00094,5,1,epoxy_surface,0.0093,47,0.3
P1,A1_B3_P1_2022-05-24_IR1_00095,1,1,epoxy_surface,0.0085,53,0.3
P1,A1_B3_P1_2022-05-24_IR1_00095,5,0,core_iron,0.0038,26,0.3
P1,A1_B3_P1_2022-05-24_IR1_00095,6,1,epoxy_surface,0.0138,37,0.3
P1,A1_B3_P1_2022-05-24_IR1_00095,7,1,epoxy_surface,0.0164,101,0.3
P1,A1_B3_P1_2022-05-24_IR1_00096,0,1,epoxy_surface,0.0067,8,0.3
P1,A1_B3_P1_2022-05-24_IR1_00096,3,1,epoxy_surface,0.0075,51,0.3
P1,A1_B3_P1_2022-05-24_IR1_00096,4,1,epoxy_surface,0.0154,96,0.3
P1,A1_B3_P1_2022-05-24_IR1_00096,8,0,core_iron,0.0041,28,0.3
P1,A1_B3_P1_2022-05-24_IR1_00097,1,1,epoxy_surface,0.0204,94,0.3
P1,A1_B3_P1_2022-05-24_IR1_00097,4,0,core_iron,0.0040,33,0.3
P1,A1_B3_P1_2022-05-24_IR1_00097,5,1,epoxy_surface,0.0109,8,0.3
P1,A1_B3_P1_2022-05-24_IR1_00097,6,1,epoxy_surface,0.0098,44,0.3
P1,A1_B3_P1_2022-05-24_IR1_00098,1,1,epoxy_surface,0.0150,24,0.3
P1,A1_B3_P1_2022-05-24_IR1_00098,2,1,epoxy_surface,0.0192,96,0.3
P1,A1_B3_P1_2022-05-24_IR1_00098,4,1,epoxy_surface,0.0082,42,0.3
P1,A1_B3_P1_2022-05-24_IR1_00098,6,0,core_iron,0.0038,19,0.3
P1,A1_B3_P1_2022-05-24_IR1_00099,1,1,epoxy_surface,0.0126,20,0.3
P1,A1_B3_P1_2022-05-24_IR1_00099,2,1,epoxy_surface,0.0233,61,0.3
P1,A1_B3_P1_2022-05-24_IR1_00099,3,1,epoxy_surface,0.0102,45,0.3
P1,A1_B3_P1_2022-05-24_IR1_00100,2,1,epoxy_surface,0.0121,32,0.3
P1,A1_B3_P1_2022-05-24_IR1_00100,4,1,epoxy_surface,0.0175,60,0.3
P1,A1_B3_P1_2022-05-24_IR1_00100,5,1,epoxy_surface,0.0092,51,0.3
P1,A1_B3_P1_2022-05-24_IR1_00100,8,0,core_iron,0.0045,19,0.3
P1,A1_B3_P1_2022-05-24_IR1_00101,0,1,epoxy_surface,0.0104,64,0.3
P1,A1_B3_P1_2022-05-24_IR1_00101,1,1,epoxy_surface,0.0103,45,0.3
P1,A1_B3_P1_2022-05-24_IR1_00101,4,1,epoxy_surface,0.0149,52,0.3
P1,A1_B3_P1_2022-05-24_IR1_00101,7,0,core_iron,0.0046,20,0.3
P1,A1_B3_P1_2022-05-24_IR1_00102,0,1,epoxy_surface,0.0120,19,0.3
P1,A1_B3_P1_2022-05-24_IR1_00102,1,1,epoxy_surface,0.0116,50,0.3
P1,A1_B3_P1_2022-05-24_IR1_00102,2,1,epoxy_surface,0.0238,93,0.3
P1,A1_B3_P1_2022-05-24_IR1_00102,3,0,core_iron,0.0039,35,0.3
P1,A1_B3_P1_2022-05-24_IR1_00103,3,1,epoxy_surface,0.0076,54,0.3
P1,A1_B3_P1_2022-05-24_IR1_00103,4,0,core_iron,0.0043,28,0.3
P1,A1_B3_P1_2022-05-24_IR1_00103,5,1,epoxy_surface,0.0148,38,0.3
P1,A1_B3_P1_2022-05-24_IR1_00103,8,1,epoxy_surface,0.0143,95,0.3
P1,A1_B3_P1_2022-05-24_IR1_00104,4,1,epoxy_surface,0.0092,44,0.3
P1,A1_B3_P1_2022-05-24_IR1_00104,5,0,core_iron,0.0053,24,0.3
P1,A1_B3_P1_2022-05-24_IR1_00104,7,1,epoxy_surface,0.0147,70,0.3
P1,A1_B3_P1_2022-05-24_IR1_00104,8,1,epoxy_surface,0.0011,1,0.3
P1,A1_B3_P1_2022-05-24_IR1_00105,0,2,mold_tr_contact,0.1000,11,0.3
P1,A1_B3_P1_2022-05-24_IR1_00105,3,0,core_iron,0.0053,25,0.3
P1,A1_B3_P1_2022-05-24_IR1_00105,4,1,epoxy_surface,0.0093,42,0.3
P1,A1_B3_P1_2022-05-24_IR1_00105,5,1,epoxy_surface,0.0122,74,0.3
P1,A1_B3_P1_2022-05-24_IR1_00106,0,2,mold_tr_contact,0.0769,15,0.3
P1,A1_B3_P1_2022-05-24_IR1_00106,4,1,epoxy_surface,0.0086,32,0.3
P1,A1_B3_P1_2022-05-24_IR1_00106,5,0,core_iron,0.0051,29,0.3
P1,A1_B3_P1_2022-05-24_IR1_00106,6,1,epoxy_surface,0.0145,80,0.3
P1,A1_B3_P1_2022-05-24_IR1_00107,3,0,core_iron,0.0053,24,0.3
P1,A1_B3_P1_2022-05-24_IR1_00107,4,1,epoxy_surface,0.0150,74,0.3
P1,A1_B3_P1_2022-05-24_IR1_00107,5,1,epoxy_surface,0.0088,46,0.3
P1,A1_B3_P1_2022-05-24_IR1_00108,0,1,epoxy_surface,0.0178,52,0.3
P1,A1_B3_P1_2022-05-24_IR1_00108,1,1,epoxy_surface,0.0007,2,0.3
P1,A1_B3_P1_2022-05-24_IR1_00108,2,0,core_iron,0.0061,23,0.3
P1,A1_B3_P1_2022-05-24_IR1_00109,0,1,epoxy_surface,0.0083,46,0.3
P1,A1_B3_P1_2022-05-24_IR1_00109,1,0,core_iron,0.0063,24,0.3
P1,A1_B3_P1_2022-05-24_IR1_00109,4,1,epoxy_surface,0.0149,50,0.3
P1,A1_B3_P1_2022-05-24_IR1_00110,3,0,core_iron,0.0063,30,0.3
P1,A1_B3_P1_2022-05-24_IR1_00110,4,1,epoxy_surface,0.0091,58,0.3
P1,A1_B3_P1_2022-05-24_IR1_00110,5,1,epoxy_surface,0.0106,45,0.3
P1,A1_B3_P1_2022-05-24_IR1_00111,0,1,epoxy_surface,0.0085,44,0.3
P1,A1_B3_P1_2022-05-24_IR1_00111,2,0,core_iron,0.0056,30,0.3
P1,A1_B3_P1_2022-05-24_IR1_00111,3,1,epoxy_surface,0.0149,75,0.3
P1,A1_B3_P1_2022-05-24_IR1_00112,0,1,epoxy_surface,0.0137,89,0.3
P1,A1_B3_P1_2022-05-24_IR1_00112,1,0,core_iron,0.0057,30,0.3
P1,A1_B3_P1_2022-05-24_IR1_00112,3,1,epoxy_surface,0.0089,51,0.3
P1,A1_B3_P1_2022-05-24_IR1_00113,0,2,mold_tr_contact,0.0128,20,0.3
P1,A1_B3_P1_2022-05-24_IR1_00113,1,1,epoxy_surface,0.0104,118,0.3
P1,A1_B3_P1_2022-05-24_IR1_00113,2,2,mold_tr_contact,0.0135,20,0.3
P1,A1_B3_P1_2022-05-24_IR1_00113,3,0,core_iron,0.0039,30,0.3
P1,A1_B3_P1_2022-05-24_IR1_00113,4,1,epoxy_surface,0.0111,72,0.3
P1,A1_B3_P1_2022-05-24_IR1_00114,0,1,epoxy_surface,0.0117,129,0.3
P1,A1_B3_P1_2022-05-24_IR1_00114,1,1,epoxy_surface,0.0210,56,0.3
P1,A1_B3_P1_2022-05-24_IR1_00114,3,0,core_iron,0.0045,39,0.3
P1,A1_B3_P1_2022-05-24_IR1_00114,4,2,mold_tr_contact,0.0476,12,0.3
P1,A1_B3_P1_2022-05-24_IR1_00115,1,1,epoxy_surface,0.0107,59,0.3
P1,A1_B3_P1_2022-05-24_IR1_00115,2,1,epoxy_surface,0.0105,127,0.3
P1,A1_B3_P1_2022-05-24_IR1_00115,3,0,core_iron,0.0066,58,0.3
P1,A1_B3_P1_2022-05-24_IR1_00115,5,1,epoxy_surface,0.0203,67,0.3
P1,A1_B3_P1_2022-05-24_IR1_00116,0,1,epoxy_surface,0.0113,56,0.3
P1,A1_B3_P1_2022-05-24_IR1_00116,1,1,epoxy_surface,0.0108,126,0.3
P1,A1_B3_P1_2022-05-24_IR1_00116,3,2,mold_tr_contact,0.0117,14,0.3
P1,A1_B3_P1_2022-05-24_IR1_00116,4,0,core_iron,0.0043,34,0.3
P1,A1_B3_P1_2022-05-24_IR1_00117,1,0,core_iron,0.0051,34,0.3
P1,A1_B3_P1_2022-05-24_IR1_00117,3,1,epoxy_surface,0.0196,111,0.3
P1,A1_B3_P1_2022-05-24_IR1_00117,5,1,epoxy_surface,0.0102,98,0.3
P1,A1_B3_P1_2022-05-24_IR1_00118,3,1,epoxy_surface,0.0193,116,0.3
P1,A1_B3_P1_2022-05-24_IR1_00118,5,0,core_iron,0.0068,66,0.3
P1,A1_B3_P1_2022-05-24_IR1_00118,6,1,epoxy_surface,0.0095,75,0.3
P1,A1_B3_P1_2022-05-24_IR1_00118,7,1,epoxy_surface,0.0106,96,0.3
P1,A1_B3_P1_2022-05-24_IR1_00119,1,1,epoxy_surface,0.0094,91,0.3
P1,A1_B3_P1_2022-05-24_IR1_00119,2,0,core_iron,0.0047,33,0.3
P1,A1_B3_P1_2022-05-24_IR1_00119,4,1,epoxy_surface,0.0103,79,0.3
P1,A1_B3_P1_2022-05-24_IR1_00122,0,0,core_iron,0.0050,34,0.3
P1,A1_B3_P1_2022-05-24_IR1_00122,1,2,mold_tr_contact,0.0301,54,0.3
P1,A1_B3_P1_2022-05-24_IR1_00122,2,1,epoxy_surface,0.0100,95,0.3
P1,A1_B3_P1_2022-05-24_IR1_00122,3,1,epoxy_surface,0.0180,131,0.3
P1,A1_B3_P1_2022-05-24_IR1_00122,4,2,mold_tr_contact,0.0110,14,0.3
P1,A1_B3_P1_2022-05-24_IR1_00122,5,2,mold_tr_contact,0.0139,23,0.3
P1,A1_B3_P1_2022-05-24_IR1_00123,1,1,epoxy_surface,0.0097,71,0.3
P1,A1_B3_P1_2022-05-24_IR1_00123,2,1,epoxy_surface,0.0100,92,0.3
P1,A1_B3_P1_2022-05-24_IR1_00123,3,1,epoxy_surface,0.0174,120,0.3
P1,A1_B3_P1_2022-05-24_IR1_00123,4,2,mold_tr_contact,0.0141,25,0.3
P1,A1_B3_P1_2022-05-24_IR1_00123,5,2,mold_tr_contact,0.0137,21,0.3
P1,A1_B3_P1_2022-05-24_IR1_00123,6,2,mold_tr_contact,0.0014,2,0.3
P1,A1_B3_P1_2022-05-24_IR1_00123,7,0,core_iron,0.0065,72,0.3
P1,A1_B3_P1_2022-05-24_IR1_00124,0,0,core_iron,0.0049,33,0.3
P1,A1_B3_P1_2022-05-24_IR1_00124,2,2,mold_tr_contact,0.0103,18,0.3
P1,A1_B3_P1_2022-05-24_IR1_00124,3,1,epoxy_surface,0.0092,87,0.3
P1,A1_B3_P1_2022-05-24_IR1_00124,4,1,epoxy_surface,0.0105,80,0.3
P1,A1_B3_P1_2022-05-24_IR1_00124,5,2,mold_tr_contact,0.0123,20,0.3
P1,A1_B3_P1_2022-05-24_IR1_00125,0,1,epoxy_surface,0.0212,91,0.3
P1,A1_B3_P1_2022-05-24_IR1_00125,1,2,mold_tr_contact,0.0101,33,0.3
P1,A1_B3_P1_2022-05-24_IR1_00125,2,2,mold_tr_contact,0.0208,37,0.3
P1,A1_B3_P1_2022-05-24_IR1_00125,3,0,core_iron,0.0050,37,0.3
P1,A1_B3_P1_2022-05-24_IR1_00125,4,1,epoxy_surface,0.0125,110,0.3
P1,A1_B3_P1_2022-05-24_IR1_00126,0,0,core_iron,0.0049,49,0.3
P1,A1_B3_P1_2022-05-24_IR1_00126,1,1,epoxy_surface,0.0088,145,0.3
P1,A1_B3_P1_2022-05-24_IR1_00126,2,2,mold_tr_contact,0.0072,11,0.3
P1,A1_B3_P1_2022-05-24_IR1_00126,3,1,epoxy_surface,0.0234,78,0.3
P1,A1_B3_P1_2022-05-24_IR1_00126,4,2,mold_tr_contact,0.0216,20,0.3
P1,A1_B3_P1_2022-05-24_IR1_00126,5,1,epoxy_surface,0.0112,75,0.3
P1,A1_B3_P1_2022-05-24_IR1_00127,0,0,core_iron,0.0041,43,0.3
P1,A1_B3_P1_2022-05-24_IR1_00127,1,1,epoxy_surface,0.0080,122,0.3
P1,A1_B3_P1_2022-05-24_IR1_00127,2,2,mold_tr_contact,0.0114,13,0.3
P1,A1_B3_P1_2022-05-24_IR1_00127,3,1,epoxy_surface,0.0218,85,0.3
P1,A1_B3_P1_2022-05-24_IR1_00128,0,1,epoxy_surface,0.0132,48,0.3
P1,A1_B3_P1_2022-05-24_IR1_00128,1,2,mold_tr_contact,0.0147,23,0.3
P1,A1_B3_P1_2022-05-24_IR1_00128,2,1,epoxy_surface,0.0091,130,0.3
P1,A1_B3_P1_2022-05-24_IR1_00128,3,1,epoxy_surface,0.0205,67,0.3
P1,A1_B3_P1_2022-05-24_IR1_00128,4,2,mold_tr_contact,0.0179,25,0.3
P1,A1_B3_P1_2022-05-24_IR1_00128,5,0,core_iron,0.0066,72,0.3
P1,A1_B3_P1_2022-05-24_IR1_00129,0,1,epoxy_surface,0.0177,145,0.3
P1,A1_B3_P1_2022-05-24_IR1_00129,1,2,mold_tr_contact,0.0041,7,0.3
P1,A1_B3_P1_2022-05-24_IR1_00129,2,1,epoxy_surface,0.0142,36,0.3
P1,A1_B3_P1_2022-05-24_IR1_00129,3,2,mold_tr_contact,0.0084,19,0.3
P1,A1_B3_P1_2022-05-24_IR1_00129,4,0,core_iron,0.0038,43,0.3
P1,A1_B3_P1_2022-05-24_IR1_00130,0,1,epoxy_surface,0.0112,104,0.3
P1,A1_B3_P1_2022-05-24_IR1_00130,1,1,epoxy_surface,0.0235,141,0.3
P1,A1_B3_P1_2022-05-24_IR1_00130,2,10,silencer_power_fuse,0.0297,344,0.3
P1,A1_B3_P1_2022-05-24_IR1_00130,3,10,silencer_power_fuse,0.0202,75,0.3
P1,A1_B3_P1_2022-05-24_IR1_00131,0,10,silencer_power_fuse,0.0416,225,0.3
P1,A1_B3_P1_2022-05-24_IR1_00131,1,1,epoxy_surface,0.0140,82,0.3
P1,A1_B3_P1_2022-05-24_IR1_00131,2,10,silencer_power_fuse,0.0160,147,0.3
P1,A1_B3_P1_2022-05-24_IR1_00131,3,1,epoxy_surface,0.0080,110,0.3
P1,A1_B3_P1_2022-05-24_IR1_00132,0,10,silencer_power_fuse,0.0028,22,0.3
P1,A1_B3_P1_2022-05-24_IR1_00132,1,1,epoxy_surface,0.0082,81,0.3
P1,A1_B3_P1_2022-05-24_IR1_00132,2,1,epoxy_surface,0.0163,60,0.3
P1,A1_B3_P1_2022-05-24_IR1_00132,3,10,silencer_power_fuse,0.0226,156,0.3
P1,A2_B1_P1_2022-06-03_IR1_00001,3,0,core_iron,0.0271,160,0.3
P1,A2_B1_P1_2022-06-03_IR1_00002,0,1,epoxy_surface,0.0013,9,0.3
P1,A2_B1_P1_2022-06-03_IR1_00002,1,1,epoxy_surface,0.0085,68,0.3
P1,A2_B1_P1_2022-06-03_IR1_00002,4,2,mold_tr_contact,0.0104,5,0.3
P1,A2_B1_P1_2022-06-03_IR1_00002,7,1,epoxy_surface,0.0085,68,0.3
P1,A2_B1_P1_2022-06-03_IR1_00003,0,1,epoxy_surface,0.0020,22,0.3
P1,A2_B1_P1_2022-06-03_IR1_00003,1,1,epoxy_surface,0.0052,55,0.3
P1,A2_B1_P1_2022-06-03_IR1_00003,2,1,epoxy_surface,0.0038,45,0.3
P1,A2_B1_P1_2022-06-03_IR1_00003,3,0,core_iron,0.0019,11,0.3
P1,A2_B1_P1_2022-06-03_IR1_00004,0,0,core_iron,0.0037,16,0.3
P1,A2_B1_P1_2022-06-03_IR1_00004,1,2,mold_tr_contact,0.0075,34,0.3
P1,A2_B1_P1_2022-06-03_IR1_00005,1,0,core_iron,0.0236,223,0.3
P1,A2_B1_P1_2022-06-03_IR1_00006,0,0,core_iron,0.0223,205,0.3
P1,A2_B1_P1_2022-06-03_IR1_00006,1,2,mold_tr_contact,0.0086,35,0.3
P1,A2_B1_P1_2022-06-03_IR1_00007,1,0,core_iron,0.0209,211,0.3
P1,A2_B1_P1_2022-06-03_IR1_00008,0,0,core_iron,0.0212,190,0.3
P1,A2_B1_P1_2022-06-03_IR1_00009,1,0,core_iron,0.0190,197,0.3
P1,A2_B1_P1_2022-06-03_IR1_00010,2,0,core_iron,0.0197,303,0.3
P1,A2_B1_P1_2022-06-03_IR1_00011,0,0,core_iron,0.0164,240,0.3
P1,A2_B1_P1_2022-06-03_IR1_00011,1,2,mold_tr_contact,0.0217,98,0.3
P1,A2_B1_P1_2022-06-03_IR1_00012,1,0,core_iron,0.0174,221,0.3
P1,A2_B1_P1_2022-06-03_IR1_00012,2,2,mold_tr_contact,0.0333,81,0.3
P1,A2_B1_P1_2022-06-03_IR1_00012,5,2,mold_tr_contact,0.0094,19,0.3
P1,A2_B1_P1_2022-06-03_IR1_00013,0,0,core_iron,0.0013,9,0.3
P1,A2_B1_P1_2022-06-03_IR1_00013,1,2,mold_tr_contact,0.0083,43,0.3
P1,A2_B1_P1_2022-06-03_IR1_00013,2,2,mold_tr_contact,0.0214,92,0.3
P1,A2_B1_P1_2022-06-03_IR1_00013,3,2,mold_tr_contact,0.0094,43,0.3
P1,A2_B1_P1_2022-06-03_IR1_00014,0,2,mold_tr_contact,0.0213,92,0.3
P1,A2_B1_P1_2022-06-03_IR1_00014,2,0,core_iron,0.0179,235,0.3
P1,A2_B1_P1_2022-06-03_IR1_00015,2,0,core_iron,0.0057,78,0.3
P1,A2_B1_P1_2022-06-03_IR1_00015,5,2,mold_tr_contact,0.0040,10,0.3
P1,A2_B1_P1_2022-06-03_IR1_00016,1,0,core_iron,0.0159,163,0.3
P1,A2_B1_P1_2022-06-03_IR1_00016,3,2,mold_tr_contact,0.0256,100,0.3
P1,A2_B1_P1_2022-06-03_IR1_00017,1,2,mold_tr_contact,0.0075,39,0.3
P1,A2_B1_P1_2022-06-03_IR1_00017,2,0,core_iron,0.0061,54,0.3
P1,A2_B1_P1_2022-06-03_IR1_00017,3,2,mold_tr_contact,0.0098,36,0.3
P1,A2_B1_P1_2022-06-03_IR1_00018,0,0,core_iron,0.0204,232,0.3
P1,A2_B1_P1_2022-06-03_IR1_00019,2,0,core_iron,0.0172,255,0.3
P1,A2_B1_P1_2022-06-03_IR1_00020,0,0,core_iron,0.0172,239,0.3
P1,A2_B1_P1_2022-06-03_IR1_00021,2,0,core_iron,0.0142,199,0.3
P1,A2_B1_P1_2022-06-03_IR1_00022,0,0,core_iron,0.0165,130,0.3
P1,A2_B1_P1_2022-06-03_IR1_00023,1,0,core_iron,0.0143,131,0.3
P1,A2_B1_P1_2022-06-03_IR1_00024,2,0,core_iron,0.0166,169,0.3
P1,A2_B1_P1_2022-06-03_IR1_00025,0,0,core_iron,0.0145,165,0.3
P1,A2_B1_P1_2022-06-03_IR1_00026,0,0,core_iron,0.0133,157,0.3
P1,A2_B1_P1_2022-06-03_IR1_00027,0,1,epoxy_surface,0.0097,59,0.3
P1,A2_B1_P1_2022-06-03_IR1_00027,1,1,epoxy_surface,0.0166,91,0.3
P1,A2_B1_P1_2022-06-03_IR1_00027,6,1,epoxy_surface,0.0115,89,0.3
P1,A2_B1_P1_2022-06-03_IR1_00027,7,0,core_iron,0.0068,70,0.3
P1,A2_B1_P1_2022-06-03_IR1_00028,1,1,epoxy_surface,0.0178,128,0.3
P1,A2_B1_P1_2022-06-03_IR1_00028,2,1,epoxy_surface,0.0110,66,0.3
P1,A2_B1_P1_2022-06-03_IR1_00028,3,0,core_iron,0.0039,39,0.3
P1,A2_B1_P1_2022-06-03_IR1_00028,4,1,epoxy_surface,0.0081,69,0.3
P1,A2_B1_P1_2022-06-03_IR1_00028,5,2,mold_tr_contact,0.0330,49,0.3
P1,A2_B1_P1_2022-06-03_IR1_00029,3,1,epoxy_surface,0.0091,81,0.3
P1,A2_B1_P1_2022-06-03_IR1_00029,4,1,epoxy_surface,0.0117,55,0.3
P1,A2_B1_P1_2022-06-03_IR1_00029,5,1,epoxy_surface,0.0165,96,0.3
P1,A2_B1_P1_2022-06-03_IR1_00029,6,0,core_iron,0.0066,80,0.3
P1,A2_B1_P1_2022-06-03_IR1_00030,0,0,core_iron,0.0066,82,0.3
P1,A2_B1_P1_2022-06-03_IR1_00030,2,2,mold_tr_contact,0.0321,56,0.3
P1,A2_B1_P1_2022-06-03_IR1_00030,3,2,mold_tr_contact,0.0265,72,0.3
P1,A2_B1_P1_2022-06-03_IR1_00030,4,1,epoxy_surface,0.0089,29,0.3
P1,A2_B1_P1_2022-06-03_IR1_00030,5,1,epoxy_surface,0.0139,127,0.3
P1,A2_B1_P1_2022-06-03_IR1_00030,6,1,epoxy_surface,0.0207,56,0.3
P1,A2_B1_P1_2022-06-03_IR1_00031,0,1,epoxy_surface,0.0126,275,0.3
P1,A2_B1_P1_2022-06-03_IR1_00031,1,0,core_iron,0.0145,184,0.3
P1,A2_B1_P1_2022-06-03_IR1_00031,2,2,mold_tr_contact,0.0235,22,0.3
P1,A2_B1_P1_2022-06-03_IR1_00031,3,1,epoxy_surface,0.0091,163,0.3
P1,A2_B1_P1_2022-06-03_IR1_00032,1,2,mold_tr_contact,0.0166,24,0.3
P1,A2_B1_P1_2022-06-03_IR1_00032,2,2,mold_tr_contact,0.0189,26,0.3
P1,A2_B1_P1_2022-06-03_IR1_00032,3,0,core_iron,0.0066,68,0.3
P1,A2_B1_P1_2022-06-03_IR1_00032,4,1,epoxy_surface,0.0165,129,0.3
P1,A2_B1_P1_2022-06-03_IR1_00032,5,1,epoxy_surface,0.0078,99,0.3
P1,A2_B1_P1_2022-06-03_IR1_00032,6,1,epoxy_surface,0.0093,100,0.3
P1,A2_B1_P1_2022-06-03_IR1_00032,7,2,mold_tr_contact,0.0132,21,0.3
P1,A2_B1_P1_2022-06-03_IR1_00033,0,1,epoxy_surface,0.0071,105,0.3
P1,A2_B1_P1_2022-06-03_IR1_00033,1,1,epoxy_surface,0.0249,146,0.3
P1,A2_B1_P1_2022-06-03_IR1_00033,2,1,epoxy_surface,0.0097,152,0.3
P1,A2_B1_P1_2022-06-03_IR1_00033,3,0,core_iron,0.0174,73,0.3
P1,A2_B1_P1_2022-06-03_IR1_00034,0,1,epoxy_surface,0.0051,95,0.3
P1,A2_B1_P1_2022-06-03_IR1_00034,1,1,epoxy_surface,0.0124,201,0.3
P1,A2_B1_P1_2022-06-03_IR1_00034,2,0,core_iron,0.0168,73,0.3
P1,A2_B1_P1_2022-06-03_IR1_00035,0,1,epoxy_surface,0.0147,269,0.3
P1,A2_B1_P1_2022-06-03_IR1_00035,1,1,epoxy_surface,0.0077,139,0.3
P1,A2_B1_P1_2022-06-03_IR1_00036,0,1,epoxy_surface,0.0212,163,0.3
P1,A2_B1_P1_2022-06-03_IR1_00036,1,1,epoxy_surface,0.0086,172,0.3
P1,A2_B1_P1_2022-06-03_IR1_00036,2,1,epoxy_surface,0.0043,83,0.3
P1,A2_B1_P1_2022-06-03_IR1_00037,0,1,epoxy_surface,0.0107,172,0.3
P1,A2_B1_P1_2022-06-03_IR1_00037,1,1,epoxy_surface,0.0149,232,0.3
P1,A2_B1_P1_2022-06-03_IR1_00037,2,1,epoxy_surface,0.0056,90,0.3
P1,A2_B1_P1_2022-06-03_IR1_00037,3,0,core_iron,0.0159,73,0.3
P1,A2_B1_P1_2022-06-03_IR1_00038,0,1,epoxy_surface,0.0141,253,0.3
P1,A2_B1_P1_2022-06-03_IR1_00038,1,1,epoxy_surface,0.0115,144,0.3
P1,A2_B1_P1_2022-06-03_IR1_00038,2,1,epoxy_surface,0.0052,68,0.3
P1,A2_B1_P1_2022-06-03_IR1_00038,3,0,core_iron,0.0135,73,0.3
P1,A2_B1_P1_2022-06-03_IR1_00039,0,1,epoxy_surface,0.0191,142,0.3
P1,A2_B1_P1_2022-06-03_IR1_00039,1,1,epoxy_surface,0.0020,28,0.3
P1,A2_B1_P1_2022-06-03_IR1_00039,2,1,epoxy_surface,0.0055,91,0.3
P1,A2_B1_P1_2022-06-03_IR1_00039,3,0,core_iron,0.0171,64,0.3
P1,A2_B1_P1_2022-06-03_IR1_00040,0,1,epoxy_surface,0.0100,165,0.3
P1,A2_B1_P1_2022-06-03_IR1_00040,1,0,core_iron,0.0062,13,0.3
P1,A2_B1_P1_2022-06-03_IR1_00040,2,1,epoxy_surface,0.0089,143,0.3
P1,A2_B1_P1_2022-06-03_IR1_00040,3,1,epoxy_surface,0.0069,41,0.3
P1,A2_B1_P1_2022-06-03_IR1_00041,0,0,core_iron,0.0044,13,0.3
P1,A2_B1_P1_2022-06-03_IR1_00041,1,1,epoxy_surface,0.0176,157,0.3
P1,A2_B1_P1_2022-06-03_IR1_00041,2,1,epoxy_surface,0.0038,67,0.3
P1,A2_B1_P1_2022-06-03_IR1_00041,3,1,epoxy_surface,0.0091,101,0.3
P1,A2_B1_P1_2022-06-03_IR1_00042,0,1,epoxy_surface,0.0017,19,0.3
P1,A2_B1_P1_2022-06-03_IR1_00042,1,0,core_iron,0.0151,71,0.3
P1,A2_B1_P1_2022-06-03_IR1_00043,1,0,core_iron,0.0019,9,0.3
P1,A2_B1_P1_2022-06-03_IR1_00043,2,2,mold_tr_contact,0.0238,13,0.3
P1,A2_B1_P1_2022-06-03_IR1_00043,3,2,mold_tr_contact,0.0233,14,0.3
P1,A2_B1_P1_2022-06-03_IR1_00043,5,2,mold_tr_contact,0.0019,1,0.3
P1,A2_B1_P1_2022-06-03_IR1_00043,6,2,mold_tr_contact,0.0256,12,0.3
P1,A2_B1_P1_2022-06-03_IR1_00044,0,1,epoxy_surface,0.0084,60,0.3
P1,A2_B1_P1_2022-06-03_IR1_00044,4,2,mold_tr_contact,0.0260,16,0.3
P1,A2_B1_P1_2022-06-03_IR1_00044,6,1,epoxy_surface,0.0083,65,0.3
P1,A2_B1_P1_2022-06-03_IR1_00044,7,1,epoxy_surface,0.0003,2,0.3
P1,A2_B1_P1_2022-06-03_IR1_00045,0,2,mold_tr_contact,0.0278,13,0.3
P1,A2_B1_P1_2022-06-03_IR1_00045,1,2,mold_tr_contact,0.0062,3,0.3
P1,A2_B1_P1_2022-06-03_IR1_00045,2,2,mold_tr_contact,0.0294,13,0.3
P1,A2_B1_P1_2022-06-03_IR1_00045,3,2,mold_tr_contact,0.0526,12,0.3
P1,A2_B1_P1_2022-06-03_IR1_00045,4,2,mold_tr_contact,0.0114,2,0.3
P1,A2_B1_P1_2022-06-03_IR1_00045,5,0,core_iron,0.0005,2,0.3
P1,A2_B1_P1_2022-06-03_IR1_00045,9,0,core_iron,0.0039,17,0.3
P1,A2_B1_P1_2022-06-03_IR1_00046,0,0,core_iron,0.0238,193,0.3
P1,A2_B1_P1_2022-06-03_IR1_00047,1,0,core_iron,0.0272,224,0.3
P1,A2_B1_P1_2022-06-03_IR1_00048,0,0,core_iron,0.0252,225,0.3
P1,A2_B1_P1_2022-06-03_IR1_00049,1,0,core_iron,0.0193,202,0.3
P1,A2_B1_P1_2022-06-03_IR1_00050,0,0,core_iron,0.0035,36,0.3
P1,A2_B1_P1_2022-06-03_IR1_00051,0,0,core_iron,0.0213,203,0.3
P1,A2_B1_P1_2022-06-03_IR1_00052,2,0,core_iron,0.0216,300,0.3
P1,A2_B1_P1_2022-06-03_IR1_00052,3,2,mold_tr_contact,0.0286,85,0.3
P1,A2_B1_P1_2022-06-03_IR1_00053,1,2,mold_tr_contact,0.0087,26,0.3
P1,A2_B1_P1_2022-06-03_IR1_00053,2,0,core_iron,0.0031,24,0.3
P1,A2_B1_P1_2022-06-03_IR1_00053,3,2,mold_tr_contact,0.0089,27,0.3
P1,A2_B1_P1_2022-06-03_IR1_00054,1,2,mold_tr_contact,0.0323,95,0.3
P1,A2_B1_P1_2022-06-03_IR1_00054,3,0,core_iron,0.0235,240,0.3
P1,A2_B1_P1_2022-06-03_IR1_00055,0,0,core_iron,0.0178,226,0.3
P1,A2_B1_P1_2022-06-03_IR1_00055,3,2,mold_tr_contact,0.0312,86,0.3
P1,A2_B1_P1_2022-06-03_IR1_00056,0,2,mold_tr_contact,0.0013,2,0.3
P1,A2_B1_P1_2022-06-03_IR1_00056,2,1,epoxy_surface,0.0223,22,0.3
P1,A2_B1_P1_2022-06-03_IR1_00056,3,0,core_iron,0.0056,78,0.3
P1,A2_B1_P1_2022-06-03_IR1_00057,1,0,core_iron,0.0065,94,0.3
P1,A2_B1_P1_2022-06-03_IR1_00057,2,1,epoxy_surface,0.0116,22,0.3
P1,A2_B1_P1_2022-06-03_IR1_00057,4,2,mold_tr_contact,0.0307,81,0.3
P1,A2_B1_P1_2022-06-03_IR1_00058,0,2,mold_tr_contact,0.0101,23,0.3
P1,A2_B1_P1_2022-06-03_IR1_00058,1,2,mold_tr_contact,0.0048,8,0.3
P1,A2_B1_P1_2022-06-03_IR1_00058,2,1,epoxy_surface,0.0062,60,0.3
P1,A2_B1_P1_2022-06-03_IR1_00058,3,2,mold_tr_contact,0.0397,59,0.3
P1,A2_B1_P1_2022-06-03_IR1_00058,4,0,core_iron,0.0068,80,0.3
P1,A2_B1_P1_2022-06-03_IR1_00058,5,1,epoxy_surface,0.0163,118,0.3
P1,A2_B1_P1_2022-06-03_IR1_00058,6,2,mold_tr_contact,0.0035,7,0.3
P1,A2_B1_P1_2022-06-03_IR1_00058,7,1,epoxy_surface,0.0143,77,0.3
P1,A2_B1_P1_2022-06-03_IR1_00059,0,0,core_iron,0.0184,64,0.3
P1,A2_B1_P1_2022-06-03_IR1_00059,1,1,epoxy_surface,0.0095,182,0.3
P1,A2_B1_P1_2022-06-03_IR1_00059,2,1,epoxy_surface,0.0216,166,0.3
P1,A2_B1_P1_2022-06-03_IR1_00059,3,1,epoxy_surface,0.0045,86,0.3
P1,A2_B1_P1_2022-06-03_IR1_00060,0,1,epoxy_surface,0.0054,84,0.3
P1,A2_B1_P1_2022-06-03_IR1_00060,1,1,epoxy_surface,0.0136,218,0.3
P1,A2_B1_P1_2022-06-03_IR1_00060,2,1,epoxy_surface,0.0110,170,0.3
P1,A2_B1_P1_2022-06-03_IR1_00060,3,0,core_iron,0.0161,73,0.3
P1,A2_B1_P1_2022-06-03_IR1_00061,0,1,epoxy_surface,0.0057,16,0.3
P1,A2_B1_P1_2022-06-03_IR1_00061,4,1,epoxy_surface,0.0110,66,0.3
P1,A2_B1_P1_2022-06-03_IR1_00061,5,1,epoxy_surface,0.0089,49,0.3
P1,A2_B1_P1_2022-06-03_IR1_00062,0,0,core_iron,0.0062,73,0.3
P1,A2_B1_P1_2022-06-03_IR1_00062,4,1,epoxy_surface,0.0009,2,0.3
P1,A2_B1_P1_2022-06-03_IR1_00062,5,1,epoxy_surface,0.0204,114,0.3
P1,A2_B1_P1_2022-06-03_IR1_00062,6,1,epoxy_surface,0.0273,85,0.3
P1,A2_B1_P1_2022-06-03_IR1_00063,0,2,mold_tr_contact,0.0263,14,0.3
P1,A2_B1_P1_2022-06-03_IR1_00063,1,2,mold_tr_contact,0.0018,1,0.3
P1,A2_B1_P1_2022-06-03_IR1_00063,2,0,core_iron,0.0024,11,0.3
P1,A2_B1_P1_2022-06-03_IR1_00063,3,2,mold_tr_contact,0.0270,13,0.3
P1,A2_B1_P1_2022-06-03_IR1_00063,4,2,mold_tr_contact,0.0263,13,0.3
P1,A2_B1_P1_2022-06-03_IR1_00064,0,2,mold_tr_contact,0.0085,6,0.3
P1,A2_B1_P1_2022-06-03_IR1_00064,1,1,epoxy_surface,0.0013,8,0.3
P1,A2_B1_P1_2022-06-03_IR1_00064,2,1,epoxy_surface,0.0102,65,0.3
P1,A2_B1_P1_2022-06-03_IR1_00064,7,1,epoxy_surface,0.0103,62,0.3
P1,A2_B1_P1_2022-06-03_IR1_00065,2,1,epoxy_surface,0.0007,5,0.3
P1,A2_B1_P1_2022-06-03_IR1_00065,3,0,core_iron,0.0201,92,0.3
P1,A2_B1_P1_2022-06-03_IR1_00066,1,0,core_iron,0.0221,192,0.3
P1,A2_B1_P1_2022-06-03_IR1_00067,5,0,core_iron,0.0184,199,0.3
P1,A2_B1_P1_2022-06-03_IR1_00068,2,0,core_iron,0.0171,223,0.3
P1,A2_B1_P1_2022-06-03_IR1_00069,2,0,core_iron,0.0061,73,0.3
P1,A2_B1_P1_2022-06-03_IR1_00069,4,1,epoxy_surface,0.0160,15,0.3
P1,A2_B1_P1_2022-06-03_IR1_00069,5,1,epoxy_surface,0.0006,2,0.3
P1,A2_B1_P1_2022-06-03_IR1_00069,6,1,epoxy_surface,0.0067,23,0.3
P1,A2_B1_P1_2022-06-03_IR1_00070,0,1,epoxy_surface,0.0164,15,0.3
P1,A2_B1_P1_2022-06-03_IR1_00070,1,1,epoxy_surface,0.0060,23,0.3
P1,A2_B1_P1_2022-06-03_IR1_00070,2,2,mold_tr_contact,0.0018,4,0.3
P1,A2_B1_P1_2022-06-03_IR1_00070,3,0,core_iron,0.0059,72,0.3
P1,A2_B1_P1_2022-06-03_IR1_00070,6,1,epoxy_surface,0.0004,1,0.3
P1,A2_B1_P1_2022-06-03_IR1_00071,0,0,core_iron,0.0041,42,0.3
P1,A2_B1_P1_2022-06-03_IR1_00071,1,1,epoxy_surface,0.0005,1,0.3
P1,A2_B1_P1_2022-06-03_IR1_00071,3,2,mold_tr_contact,0.0015,4,0.3
P1,A2_B1_P1_2022-06-03_IR1_00072,0,2,mold_tr_contact,0.0141,18,0.3
P1,A2_B1_P1_2022-06-03_IR1_00072,1,1,epoxy_surface,0.0146,110,0.3
P1,A2_B1_P1_2022-06-03_IR1_00072,2,1,epoxy_surface,0.0088,86,0.3
P1,A2_B1_P1_2022-06-03_IR1_00072,3,1,epoxy_surface,0.0100,80,0.3
P1,A2_B1_P1_2022-06-03_IR1_00072,4,0,core_iron,0.0067,70,0.3
P1,A2_B1_P1_2022-06-03_IR1_00072,5,2,mold_tr_contact,0.0066,7,0.3
P1,A2_B1_P1_2022-06-03_IR1_00072,6,2,mold_tr_contact,0.0141,18,0.3
P1,A2_B1_P1_2022-06-03_IR1_00072,7,2,mold_tr_contact,0.0156,20,0.3
P1,A2_B1_P1_2022-06-03_IR1_00073,0,0,core_iron,0.0035,36,0.3
P1,A2_B1_P1_2022-06-03_IR1_00073,1,2,mold_tr_contact,0.0154,21,0.3
P1,A2_B1_P1_2022-06-03_IR1_00073,2,1,epoxy_surface,0.0138,119,0.3
P1,A2_B1_P1_2022-06-03_IR1_00073,3,2,mold_tr_contact,0.0112,15,0.3
P1,A2_B1_P1_2022-06-03_IR1_00073,4,2,mold_tr_contact,0.0203,26,0.3
P1,A2_B1_P1_2022-06-03_IR1_00073,5,2,mold_tr_contact,0.0057,7,0.3
P1,A2_B1_P1_2022-06-03_IR1_00073,6,1,epoxy_surface,0.0113,74,0.3
P1,A2_B1_P1_2022-06-03_IR1_00073,7,1,epoxy_surface,0.0071,58,0.3
P1,A2_B1_P1_2022-06-03_IR1_00074,2,2,mold_tr_contact,0.0411,51,0.3
P1,A2_B1_P1_2022-06-03_IR1_00074,4,1,epoxy_surface,0.0164,97,0.3
P1,A2_B1_P1_2022-06-03_IR1_00074,5,1,epoxy_surface,0.0115,60,0.3
P1,A2_B1_P1_2022-06-03_IR1_00074,6,1,epoxy_surface,0.0091,64,0.3
P1,A2_B1_P1_2022-06-03_IR1_00074,7,0,core_iron,0.0068,82,0.3
P1,A2_B1_P1_2022-06-03_IR1_00075,0,2,mold_tr_contact,0.0192,23,0.3
P1,A2_B1_P1_2022-06-03_IR1_00075,1,0,core_iron,0.0038,41,0.3
P1,A2_B1_P1_2022-06-03_IR1_00075,2,1,epoxy_surface,0.0114,82,0.3
P1,A2_B1_P1_2022-06-03_IR1_00075,3,1,epoxy_surface,0.0109,135,0.3
P1,A2_B1_P1_2022-06-03_IR1_00075,4,1,epoxy_surface,0.0058,59,0.3
P1,A2_B1_P1_2022-06-03_IR1_00075,5,2,mold_tr_contact,0.0019,2,0.3
P1,A2_B1_P1_2022-06-03_IR1_00075,6,2,mold_tr_contact,0.0167,19,0.3
P1,A2_B1_P1_2022-06-03_IR1_00075,7,2,mold_tr_contact,0.0123,16,0.3
P1,A2_B1_P1_2022-06-03_IR1_00076,0,0,core_iron,0.0068,66,0.3
P1,A2_B1_P1_2022-06-03_IR1_00076,1,1,epoxy_surface,0.0100,88,0.3
P1,A2_B1_P1_2022-06-03_IR1_00076,3,1,epoxy_surface,0.0142,108,0.3
P1,A2_B1_P1_2022-06-03_IR1_00076,4,2,mold_tr_contact,0.0172,20,0.3
P1,A2_B1_P1_2022-06-03_IR1_00076,5,2,mold_tr_contact,0.0057,8,0.3
P1,A2_B1_P1_2022-06-03_IR1_00076,6,2,mold_tr_contact,0.0166,18,0.3
P1,A2_B1_P1_2022-06-03_IR1_00076,7,1,epoxy_surface,0.0084,86,0.3
P1,A2_B1_P1_2022-06-03_IR1_00077,0,0,core_iron,0.0070,75,0.3
P1,A2_B1_P1_2022-06-03_IR1_00077,1,2,mold_tr_contact,0.0088,10,0.3
P1,A2_B1_P1_2022-06-03_IR1_00077,2,1,epoxy_surface,0.0093,106,0.3
P1,A2_B1_P1_2022-06-03_IR1_00077,3,1,epoxy_surface,0.0085,110,0.3
P1,A2_B1_P1_2022-06-03_IR1_00077,4,1,epoxy_surface,0.0145,85,0.3
P1,A2_B1_P1_2022-06-03_IR1_00077,5,2,mold_tr_contact,0.0257,19,0.3
P1,A2_B1_P1_2022-06-03_IR1_00077,6,2,mold_tr_contact,0.0169,18,0.3
P1,A2_B1_P1_2022-06-03_IR1_00077,7,2,mold_tr_contact,0.0185,21,0.3
P1,A2_B1_P1_2022-06-03_IR1_00078,0,1,epoxy_surface,0.0095,165,0.3
P1,A2_B1_P1_2022-06-03_IR1_00078,1,0,core_iron,0.0164,52,0.3
P1,A2_B1_P1_2022-06-03_IR1_00078,2,1,epoxy_surface,0.0232,158,0.3
P1,A2_B1_P1_2022-06-03_IR1_00078,3,1,epoxy_surface,0.0056,96,0.3
P1,A2_B1_P1_2022-06-03_IR1_00079,0,1,epoxy_surface,0.0178,164,0.3
P1,A2_B1_P1_2022-06-03_IR1_00079,1,1,epoxy_surface,0.0094,148,0.3
P1,A2_B1_P1_2022-06-03_IR1_00079,2,1,epoxy_surface,0.0043,75,0.3
P1,A2_B1_P1_2022-06-03_IR1_00080,0,1,epoxy_surface,0.0063,86,0.3
P1,A2_B1_P1_2022-06-03_IR1_00080,1,0,core_iron,0.0314,172,0.3
P1,A2_B1_P1_2022-06-03_IR1_00080,3,1,epoxy_surface,0.0106,143,0.3
P1,A2_B1_P1_2022-06-03_IR1_00080,6,1,epoxy_surface,0.0163,197,0.3
P1,A2_B1_P1_2022-06-03_IR1_00081,1,0,core_iron,0.0142,73,0.3
P1,A2_B1_P1_2022-06-03_IR1_00081,2,1,epoxy_surface,0.0068,139,0.3
P1,A2_B1_P1_2022-06-03_IR1_00081,3,1,epoxy_surface,0.0063,86,0.3
P1,A2_B1_P1_2022-06-03_IR1_00082,0,1,epoxy_surface,0.0063,95,0.3
P1,A2_B1_P1_2022-06-03_IR1_00082,2,1,epoxy_surface,0.0099,148,0.3
P1,A2_B1_P1_2022-06-03_IR1_00082,3,0,core_iron,0.0343,181,0.3
P1,A2_B1_P1_2022-06-03_IR1_00083,0,0,core_iron,0.0067,72,0.3
P1,A2_B1_P1_2022-06-03_IR1_00083,2,2,mold_tr_contact,0.0027,4,0.3
P1,A2_B1_P1_2022-06-03_IR1_00083,5,1,epoxy_surface,0.0102,58,0.3
P1,A2_B1_P1_2022-06-03_IR1_00083,6,1,epoxy_surface,0.0200,95,0.3
P1,A2_B1_P1_2022-06-03_IR1_00083,7,1,epoxy_surface,0.0139,105,0.3
P1,A2_B1_P1_2022-06-03_IR1_00084,1,0,core_iron,0.0066,76,0.3
P1,A2_B1_P1_2022-06-03_IR1_00084,3,1,epoxy_surface,0.0091,83,0.3
P1,A2_B1_P1_2022-06-03_IR1_00084,4,1,epoxy_surface,0.0099,81,0.3
P1,A2_B1_P1_2022-06-03_IR1_00084,6,2,mold_tr_contact,0.0325,34,0.3
P1,A2_B1_P1_2022-06-03_IR1_00084,7,1,epoxy_surface,0.0153,105,0.3
P1,A2_B1_P1_2022-06-03_IR1_00085,0,1,epoxy_surface,0.0103,68,0.3
P1,A2_B1_P1_2022-06-03_IR1_00085,5,1,epoxy_surface,0.0121,71,0.3
P1,A2_B1_P1_2022-06-03_IR1_00085,6,1,epoxy_surface,0.0085,59,0.3
P1,A2_B1_P1_2022-06-03_IR1_00085,7,0,core_iron,0.0044,27,0.3
P1,A2_B1_P1_2022-06-03_IR1_00086,0,0,core_iron,0.0256,162,0.3
P1,A2_B1_P1_2022-06-03_IR1_00086,1,1,epoxy_surface,0.0111,116,0.3
P1,A2_B1_P1_2022-06-03_IR1_00086,2,1,epoxy_surface,0.0039,37,0.3
P1,A2_B1_P1_2022-06-03_IR1_00086,3,1,epoxy_surface,0.0042,42,0.3
P1,A2_B1_P1_2022-06-03_IR1_00087,0,1,epoxy_surface,0.0144,194,0.3
P1,A2_B1_P1_2022-06-03_IR1_00087,1,0,core_iron,0.0139,73,0.3
P1,A2_B1_P1_2022-06-03_IR1_00087,2,1,epoxy_surface,0.0053,105,0.3
P1,A2_B1_P1_2022-06-03_IR1_00088,0,1,epoxy_surface,0.0133,210,0.3
P1,A2_B1_P1_2022-06-03_IR1_00088,1,1,epoxy_surface,0.0051,90,0.3
P1,A2_B1_P1_2022-06-03_IR1_00088,2,0,core_iron,0.0257,167,0.3
P1,A2_B1_P1_2022-06-03_IR1_00089,1,1,epoxy_surface,0.0061,80,0.3
P1,A2_B1_P1_2022-06-03_IR1_00089,2,1,epoxy_surface,0.0142,219,0.3
P1,A2_B1_P1_2022-06-03_IR1_00089,3,2,mold_tr_contact,0.0295,17,0.3
P1,A2_B1_P1_2022-06-03_IR1_00089,4,0,core_iron,0.0194,125,0.3
P1,A2_B1_P1_2022-06-03_IR1_00090,0,1,epoxy_surface,0.0093,102,0.3
P1,A2_B1_P1_2022-06-03_IR1_00090,1,2,mold_tr_contact,0.0476,16,0.3
P1,A2_B1_P1_2022-06-03_IR1_00090,3,0,core_iron,0.0023,13,0.3
P1,A2_B1_P1_2022-06-03_IR1_00091,0,0,core_iron,0.0241,114,0.3
P1,A2_B1_P1_2022-06-03_IR1_00091,2,1,epoxy_surface,0.0127,119,0.3
P1,A2_B1_P1_2022-06-03_IR1_00092,0,1,epoxy_surface,0.0052,96,0.3
P1,A2_B1_P1_2022-06-03_IR1_00092,1,0,core_iron,0.0156,60,0.3
P1,A2_B1_P1_2022-06-03_IR1_00092,2,1,epoxy_surface,0.0205,151,0.3
P1,A2_B1_P1_2022-06-03_IR1_00093,0,1,epoxy_surface,0.0046,73,0.3
P1,A2_B1_P1_2022-06-03_IR1_00093,1,1,epoxy_surface,0.0066,117,0.3
P1,A2_B1_P1_2022-06-03_IR1_00093,2,1,epoxy_surface,0.0119,186,0.3
P1,A2_B1_P1_2022-06-03_IR1_00094,0,1,epoxy_surface,0.0058,70,0.3
P1,A2_B1_P1_2022-06-03_IR1_00094,1,1,epoxy_surface,0.0045,88,0.3
P1,A2_B1_P1_2022-06-03_IR1_00094,2,1,epoxy_surface,0.0199,181,0.3
P1,A2_B1_P1_2022-06-03_IR1_00094,3,0,core_iron,0.0027,13,0.3
P1,A2_B1_P1_2022-06-03_IR1_00095,0,1,epoxy_surface,0.0126,108,0.3
P1,A2_B1_P1_2022-06-03_IR1_00095,2,2,mold_tr_contact,0.0144,6,0.3
P1,A2_B1_P1_2022-06-03_IR1_00096,0,1,epoxy_surface,0.0060,78,0.3
P1,A2_B1_P1_2022-06-03_IR1_00096,1,1,epoxy_surface,0.0032,44,0.3
P1,A2_B1_P1_2022-06-03_IR1_00096,2,2,mold_tr_contact,0.0074,3,0.3
P1,A2_B1_P1_2022-06-03_IR1_00096,3,1,epoxy_surface,0.0143,88,0.3
P1,A2_B1_P1_2022-06-03_IR1_00096,4,2,mold_tr_contact,0.0107,3,0.3
P1,A2_B1_P1_2022-06-03_IR1_00096,6,0,core_iron,0.0052,36,0.3
P1,A2_B1_P1_2022-06-03_IR1_00097,0,0,core_iron,0.0161,144,0.3
P1,A2_B1_P1_2022-06-03_IR1_00097,1,2,mold_tr_contact,0.0312,12,0.3
P1,A2_B1_P1_2022-06-03_IR1_00097,2,1,epoxy_surface,0.0108,118,0.3
P1,A2_B1_P1_2022-06-03_IR1_00097,5,1,epoxy_surface,0.0058,81,0.3
P1,A2_B1_P1_2022-06-03_IR1_00097,7,2,mold_tr_contact,0.0747,28,0.3
P1,A2_B1_P1_2022-06-03_IR1_00098,1,1,epoxy_surface,0.0037,15,0.3
P1,A2_B1_P1_2022-06-03_IR1_00098,2,0,core_iron,0.0044,13,0.3
P1,A2_B1_P1_2022-06-03_IR1_00098,3,1,epoxy_surface,0.0107,145,0.3
P1,A2_B1_P1_2022-06-03_IR1_00099,0,0,core_iron,0.0091,13,0.3
P1,A2_B1_P1_2022-06-03_IR1_00099,1,1,epoxy_surface,0.0034,48,0.3
P1,A2_B1_P1_2022-06-03_IR1_00099,2,1,epoxy_surface,0.0184,165,0.3
P1,A2_B1_P1_2022-06-03_IR1_00100,0,1,epoxy_surface,0.0139,158,0.3
P1,A2_B1_P1_2022-06-03_IR1_00100,1,0,core_iron,0.0058,13,0.3
P1,A2_B1_P1_2022-06-03_IR1_00100,2,1,epoxy_surface,0.0041,63,0.3
P1,A2_B1_P1_2022-06-03_IR1_00101,0,1,epoxy_surface,0.0044,67,0.3
P1,A2_B1_P1_2022-06-03_IR1_00101,1,0,core_iron,0.0069,13,0.3
P1,A2_B1_P1_2022-06-03_IR1_00101,2,1,epoxy_surface,0.0132,158,0.3
P1,A2_B1_P1_2022-06-03_IR1_00102,0,1,epoxy_surface,0.0034,45,0.3
P1,A2_B1_P1_2022-06-03_IR1_00102,1,0,core_iron,0.0065,13,0.3
P1,A2_B1_P1_2022-06-03_IR1_00102,2,1,epoxy_surface,0.0097,166,0.3
P1,A2_B1_P1_2022-06-03_IR1_00103,0,1,epoxy_surface,0.0101,175,0.3
P1,A2_B1_P1_2022-06-03_IR1_00103,2,1,epoxy_surface,0.0057,76,0.3
P1,A2_B1_P1_2022-06-03_IR1_00103,3,1,epoxy_surface,0.0005,2,0.3
P1,A2_B1_P1_2022-06-03_IR1_00103,4,0,core_iron,0.0146,101,0.3
P1,A2_B1_P1_2022-06-03_IR1_00104,0,1,epoxy_surface,0.0167,103,0.3
P1,A2_B1_P1_2022-06-03_IR1_00104,1,2,mold_tr_contact,0.0018,2,0.3
P1,A2_B1_P1_2022-06-03_IR1_00104,2,2,mold_tr_contact,0.0016,2,0.3
P1,A2_B1_P1_2022-06-03_IR1_00104,5,0,core_iron,0.0066,84,0.3
P1,A2_B1_P1_2022-06-03_IR1_00104,6,1,epoxy_surface,0.0097,57,0.3
P1,A2_B1_P1_2022-06-03_IR1_00104,7,1,epoxy_surface,0.0125,85,0.3
P1,A2_B1_P1_2022-06-03_IR1_00105,1,0,core_iron,0.0071,78,0.3
P1,A2_B1_P1_2022-06-03_IR1_00105,2,1,epoxy_surface,0.0194,91,0.3
P1,A2_B1_P1_2022-06-03_IR1_00105,3,1,epoxy_surface,0.0114,98,0.3
P1,A2_B1_P1_2022-06-03_IR1_00105,4,1,epoxy_surface,0.0024,14,0.3
P1,A2_B1_P1_2022-06-03_IR1_00105,7,2,mold_tr_contact,0.0125,19,0.3
P1,A2_B1_P1_2022-06-03_IR1_00106,0,0,core_iron,0.0068,82,0.3
P1,A2_B1_P1_2022-06-03_IR1_00106,1,1,epoxy_surface,0.0087,80,0.3
P1,A2_B1_P1_2022-06-03_IR1_00106,3,1,epoxy_surface,0.0130,106,0.3
P1,A2_B1_P1_2022-06-03_IR1_00106,6,1,epoxy_surface,0.0118,68,0.3
P1,A2_B1_P1_2022-06-03_IR1_00107,0,1,epoxy_surface,0.0051,96,0.3
P1,A2_B1_P1_2022-06-03_IR1_00107,1,1,epoxy_surface,0.0161,279,0.3
P1,A2_B1_P1_2022-06-03_IR1_00107,2,0,core_iron,0.0162,73,0.3
P1,A2_B1_P1_2022-06-03_IR1_00108,0,0,core_iron,0.0184,69,0.3
P1,A2_B1_P1_2022-06-03_IR1_00108,1,1,epoxy_surface,0.0071,131,0.3
P1,A2_B1_P1_2022-06-03_IR1_00108,2,1,epoxy_surface,0.0147,289,0.3
P1,A2_B1_P1_2022-06-03_IR1_00109,0,2,mold_tr_contact,0.0136,6,0.3
P1,A2_B1_P1_2022-06-03_IR1_00109,1,2,mold_tr_contact,0.0172,7,0.3
P1,A2_B1_P1_2022-06-03_IR1_00109,2,2,mold_tr_contact,0.0223,9,0.3
P1,A2_B1_P1_2022-06-03_IR1_00109,3,1,epoxy_surface,0.0069,57,0.3
P1,A2_B1_P1_2022-06-03_IR1_00109,4,1,epoxy_surface,0.0161,220,0.3
P1,A2_B1_P1_2022-06-03_IR1_00109,5,2,mold_tr_contact,0.0207,9,0.3
P1,A2_B1_P1_2022-06-03_IR1_00109,6,0,core_iron,0.0029,11,0.3
P1,A2_B1_P1_2022-06-03_IR1_00110,0,1,epoxy_surface,0.0074,68,0.3
P1,A2_B1_P1_2022-06-03_IR1_00110,1,2,mold_tr_contact,0.0357,15,0.3
P1,A2_B1_P1_2022-06-03_IR1_00110,2,2,mold_tr_contact,0.0332,13,0.3
P1,A2_B1_P1_2022-06-03_IR1_00110,3,1,epoxy_surface,0.0075,83,0.3
P1,A2_B1_P1_2022-06-03_IR1_00110,4,2,mold_tr_contact,0.0046,2,0.3
P1,A2_B1_P1_2022-06-03_IR1_00110,5,1,epoxy_surface,0.0329,102,0.3
P1,A2_B1_P1_2022-06-03_IR1_00110,6,0,core_iron,0.0029,17,0.3
P1,A2_B1_P1_2022-06-03_IR1_00111,0,1,epoxy_surface,0.0098,111,0.3
P1,A2_B1_P1_2022-06-03_IR1_00111,1,0,core_iron,0.0150,71,0.3
P1,A2_B1_P1_2022-06-03_IR1_00112,0,2,mold_tr_contact,0.0312,14,0.3
P1,A2_B1_P1_2022-06-03_IR1_00112,2,0,core_iron,0.0198,125,0.3
P1,A2_B1_P1_2022-06-03_IR1_00112,3,1,epoxy_surface,0.0061,87,0.3
P1,A2_B1_P1_2022-06-03_IR1_00112,4,1,epoxy_surface,0.0148,195,0.3
P1,A2_B1_P1_2022-06-03_IR1_00113,0,1,epoxy_surface,0.0152,160,0.3
P1,A2_B1_P1_2022-06-03_IR1_00113,1,0,core_iron,0.0022,14,0.3
P1,A2_B1_P1_2022-06-03_IR1_00113,2,2,mold_tr_contact,0.0286,16,0.3
P1,A2_B1_P1_2022-06-03_IR1_00113,3,2,mold_tr_contact,0.0314,8,0.3
P1,A2_B1_P1_2022-06-03_IR1_00113,4,1,epoxy_surface,0.0066,83,0.3
P1,A2_B1_P1_2022-06-03_IR1_00113,5,2,mold_tr_contact,0.0065,4,0.3
P1,A2_B1_P1_2022-06-03_IR1_00114,0,0,core_iron,0.0191,151,0.3
P1,A2_B1_P1_2022-06-03_IR1_00114,1,1,epoxy_surface,0.0123,157,0.3
P1,A2_B1_P1_2022-06-03_IR1_00114,2,1,epoxy_surface,0.0063,90,0.3
P1,A2_B1_P1_2022-06-03_IR1_00114,3,1,epoxy_surface,0.0052,78,0.3
P1,A2_B1_P1_2022-06-03_IR1_00115,0,1,epoxy_surface,0.0041,76,0.3
P1,A2_B1_P1_2022-06-03_IR1_00115,1,0,core_iron,0.0127,53,0.3
P1,A2_B1_P1_2022-06-03_IR1_00115,2,1,epoxy_surface,0.0056,75,0.3
P1,A2_B1_P1_2022-06-03_IR1_00115,3,1,epoxy_surface,0.0122,188,0.3
P1,A2_B1_P1_2022-06-03_IR1_00116,1,1,epoxy_surface,0.0153,134,0.3
P1,A2_B1_P1_2022-06-03_IR1_00116,2,0,core_iron,0.0183,63,0.3
P1,A2_B1_P1_2022-06-03_IR1_00117,0,1,epoxy_surface,0.0063,55,0.3
P1,A2_B1_P1_2022-06-03_IR1_00117,1,1,epoxy_surface,0.0106,104,0.3
P1,A2_B1_P1_2022-06-03_IR1_00117,2,0,core_iron,0.0155,65,0.3
P1,A2_B1_P1_2022-06-03_IR1_00117,3,0,core_iron,0.0012,9,0.3
P1,A2_B1_P1_2022-06-03_IR1_00117,4,1,epoxy_surface,0.0050,45,0.3
P1,A2_B1_P1_2022-06-03_IR1_00118,0,0,core_iron,0.0362,191,0.3
P1,A2_B1_P1_2022-06-03_IR1_00118,3,1,epoxy_surface,0.0110,109,0.3
P1,A2_B1_P1_2022-06-03_IR1_00118,4,1,epoxy_surface,0.0008,8,0.3
P1,A2_B1_P1_2022-06-03_IR1_00119,0,1,epoxy_surface,0.0152,166,0.3
P1,A2_B1_P1_2022-06-03_IR1_00119,1,1,epoxy_surface,0.0016,21,0.3
P1,A2_B1_P1_2022-06-03_IR1_00119,2,1,epoxy_surface,0.0039,51,0.3
P1,A2_B1_P1_2022-06-03_IR1_00119,3,0,core_iron,0.0204,89,0.3
P1,A2_B1_P1_2022-06-03_IR1_00120,0,1,epoxy_surface,0.0057,94,0.3
P1,A2_B1_P1_2022-06-03_IR1_00120,1,1,epoxy_surface,0.0186,168,0.3
P1,A2_B1_P1_2022-06-03_IR1_00120,2,1,epoxy_surface,0.0024,38,0.3
P1,A2_B1_P1_2022-06-03_IR1_00120,3,0,core_iron,0.0313,206,0.3
P1,A2_B1_P1_2022-06-03_IR1_00121,0,1,epoxy_surface,0.0046,70,0.3
P1,A2_B1_P1_2022-06-03_IR1_00121,1,0,core_iron,0.0066,13,0.3
P1,A2_B1_P1_2022-06-03_IR1_00121,2,1,epoxy_surface,0.0114,177,0.3
P1,A2_B1_P1_2022-06-03_IR1_00122,0,0,core_iron,0.0214,55,0.3
P1,A2_B1_P1_2022-06-03_IR1_00122,1,1,epoxy_surface,0.0038,62,0.3
P1,A2_B1_P1_2022-06-03_IR1_00122,2,1,epoxy_surface,0.0149,152,0.3
P1,A2_B1_P1_2022-06-03_IR1_00123,0,1,epoxy_surface,0.0033,52,0.3
P1,A2_B1_P1_2022-06-03_IR1_00123,1,1,epoxy_surface,0.0141,144,0.3
P1,A2_B1_P1_2022-06-03_IR1_00123,2,0,core_iron,0.0168,61,0.3
P1,A2_B1_P1_2022-06-03_IR1_00124,0,0,core_iron,0.0183,48,0.3
P1,A2_B1_P1_2022-06-03_IR1_00124,1,1,epoxy_surface,0.0103,148,0.3
P1,A2_B1_P1_2022-06-03_IR1_00124,2,1,epoxy_surface,0.0049,70,0.3
P1,A2_B1_P1_2022-06-03_IR1_00125,0,1,epoxy_surface,0.0101,181,0.3
P1,A2_B1_P1_2022-06-03_IR1_00125,1,1,epoxy_surface,0.0061,83,0.3
P1,A2_B1_P1_2022-06-03_IR1_00125,3,0,core_iron,0.0133,62,0.3
P1,A2_B1_P1_2022-06-03_IR1_00125,4,1,epoxy_surface,0.0014,7,0.3
P1,A2_B1_P1_2022-06-03_IR1_00126,0,0,core_iron,0.0054,13,0.3
P1,A2_B1_P1_2022-06-03_IR1_00126,1,1,epoxy_surface,0.0093,184,0.3
P1,A2_B1_P1_2022-06-03_IR1_00126,2,1,epoxy_surface,0.0054,75,0.3
P1,A2_B1_P1_2022-06-03_IR1_00127,3,0,core_iron,0.0192,104,0.3
P1,A2_B1_P1_2022-06-03_IR1_00127,4,1,epoxy_surface,0.0093,104,0.3
P1,A2_B1_P1_2022-06-03_IR1_00128,0,2,mold_tr_contact,0.0476,8,0.3
P1,A2_B1_P1_2022-06-03_IR1_00128,2,1,epoxy_surface,0.0117,115,0.3
P1,A2_B1_P1_2022-06-03_IR1_00128,3,1,epoxy_surface,0.0014,3,0.3
P1,A2_B1_P1_2022-06-03_IR1_00128,4,0,core_iron,0.0192,45,0.3
P1,A2_B1_P1_2022-06-03_IR1_00129,1,0,core_iron,0.0070,64,0.3
P1,A2_B1_P1_2022-06-03_IR1_00129,2,1,epoxy_surface,0.0114,85,0.3
P1,A2_B1_P1_2022-06-03_IR1_00129,3,1,epoxy_surface,0.0160,111,0.3
P1,A2_B1_P1_2022-06-03_IR1_00129,4,1,epoxy_surface,0.0104,60,0.3
P1,A2_B1_P1_2022-06-03_IR1_00130,1,1,epoxy_surface,0.0199,101,0.3
P1,A2_B1_P1_2022-06-03_IR1_00130,3,1,epoxy_surface,0.0127,86,0.3
P1,A2_B1_P1_2022-06-03_IR1_00130,4,1,epoxy_surface,0.0104,74,0.3
P1,A2_B1_P1_2022-06-03_IR1_00130,5,0,core_iron,0.0076,70,0.3
P1,A2_B1_P1_2022-06-03_IR1_00130,7,2,mold_tr_contact,0.0038,4,0.3
P1,A2_B1_P1_2022-06-03_IR1_00131,0,1,epoxy_surface,0.0155,106,0.3
P1,A2_B1_P1_2022-06-03_IR1_00131,4,0,core_iron,0.0039,36,0.3
P1,A2_B1_P1_2022-06-03_IR1_00131,5,1,epoxy_surface,0.0126,52,0.3
P1,A2_B1_P1_2022-06-03_IR1_00131,6,1,epoxy_surface,0.0109,74,0.3
P1,A2_B1_P1_2022-06-03_IR1_00132,3,1,epoxy_surface,0.0213,102,0.3
P1,A2_B1_P1_2022-06-03_IR1_00132,4,1,epoxy_surface,0.0063,28,0.3
P1,A2_B1_P1_2022-06-03_IR1_00132,5,1,epoxy_surface,0.0167,28,0.3
P1,A2_B1_P1_2022-06-03_IR1_00132,7,0,core_iron,0.0041,40,0.3
P1,A2_B1_P1_2022-06-03_IR1_00133,1,1,epoxy_surface,0.0100,50,0.3
P1,A2_B1_P1_2022-06-03_IR1_00133,4,0,core_iron,0.0066,86,0.3
P1,A2_B1_P1_2022-06-03_IR1_00133,5,1,epoxy_surface,0.0171,92,0.3
P1,A2_B1_P1_2022-06-03_IR1_00133,6,1,epoxy_surface,0.0122,91,0.3
P1,A2_B1_P1_2022-06-03_IR1_00134,0,2,mold_tr_contact,0.0071,7,0.3
P1,A2_B1_P1_2022-06-03_IR1_00134,1,0,core_iron,0.0040,42,0.3
P1,A2_B1_P1_2022-06-03_IR1_00134,2,2,mold_tr_contact,0.0016,2,0.3
P1,A2_B1_P1_2022-06-03_IR1_00134,3,2,mold_tr_contact,0.0076,10,0.3
P1,A2_B1_P1_2022-06-03_IR1_00134,4,1,epoxy_surface,0.0111,97,0.3
P1,A2_B1_P1_2022-06-03_IR1_00134,5,1,epoxy_surface,0.0071,60,0.3
P1,A2_B1_P1_2022-06-03_IR1_00134,6,2,mold_tr_contact,0.0160,16,0.3
P1,A2_B1_P1_2022-06-03_IR1_00135,0,0,core_iron,0.0178,81,0.3
P1,A2_B1_P1_2022-06-03_IR1_00135,1,1,epoxy_surface,0.0057,94,0.3
P1,A2_B1_P1_2022-06-03_IR1_00135,2,1,epoxy_surface,0.0167,269,0.3
P1,A2_B1_P1_2022-06-03_IR1_00136,0,0,core_iron,0.0331,154,0.3
P1,A2_B1_P1_2022-06-03_IR1_00136,1,1,epoxy_surface,0.0058,59,0.3
P1,A2_B1_P1_2022-06-03_IR1_00136,2,1,epoxy_surface,0.0302,126,0.3
P1,A2_B1_P1_2022-06-03_IR1_00136,3,1,epoxy_surface,0.0074,124,0.3
P1,A2_B1_P1_2022-06-03_IR1_00137,0,1,epoxy_surface,0.0211,164,0.3
P1,A2_B1_P1_2022-06-03_IR1_00137,1,1,epoxy_surface,0.0098,151,0.3
P1,A2_B1_P1_2022-06-03_IR1_00137,2,0,core_iron,0.0235,60,0.3
P1,A2_B1_P1_2022-06-03_IR1_00138,1,2,mold_tr_contact,0.1316,85,0.3
P1,A2_B1_P1_2022-06-03_IR1_00138,2,1,epoxy_surface,0.0176,133,0.3
P1,A2_B1_P1_2022-06-03_IR1_00138,3,1,epoxy_surface,0.0067,93,0.3
P1,A2_B1_P1_2022-06-03_IR1_00138,4,0,core_iron,0.0185,111,0.3
P1,A2_B1_P1_2022-06-03_IR1_00138,5,2,mold_tr_contact,0.0893,30,0.3
P1,A2_B1_P1_2022-06-03_IR1_00139,0,1,epoxy_surface,0.0276,139,0.3
P1,A2_B1_P1_2022-06-03_IR1_00139,1,2,mold_tr_contact,0.0090,2,0.3
P1,A2_B1_P1_2022-06-03_IR1_00139,3,1,epoxy_surface,0.0051,76,0.3
P1,A2_B1_P1_2022-06-03_IR1_00139,4,1,epoxy_surface,0.0062,86,0.3
P1,A2_B1_P1_2022-06-03_IR1_00139,5,0,core_iron,0.0195,150,0.3
P1,A2_B1_P1_2022-06-03_IR1_00140,0,2,mold_tr_contact,0.0035,1,0.3
P1,A2_B1_P1_2022-06-03_IR1_00140,1,2,mold_tr_contact,0.0254,7,0.3
P1,A2_B1_P1_2022-06-03_IR1_00140,2,1,epoxy_surface,0.0063,69,0.3
P1,A2_B1_P1_2022-06-03_IR1_00140,3,1,epoxy_surface,0.0072,95,0.3
P1,A2_B1_P1_2022-06-03_IR1_00140,4,2,mold_tr_contact,0.0239,5,0.3
P1,A2_B1_P1_2022-06-03_IR1_00140,5,2,mold_tr_contact,0.0265,7,0.3
P1,A2_B1_P1_2022-06-03_IR1_00140,6,0,core_iron,0.0027,18,0.3
P1,A2_B1_P1_2022-06-03_IR1_00141,0,0,core_iron,0.0021,13,0.3
P1,A2_B1_P1_2022-06-03_IR1_00141,2,1,epoxy_surface,0.0067,66,0.3
P1,A2_B1_P1_2022-06-03_IR1_00141,3,2,mold_tr_contact,0.0256,7,0.3
P1,A2_B1_P1_2022-06-03_IR1_00141,4,2,mold_tr_contact,0.0390,9,0.3
P1,A2_B1_P1_2022-06-03_IR1_00141,5,2,mold_tr_contact,0.0170,5,0.3
P1,A2_B1_P1_2022-06-03_IR1_00141,6,2,mold_tr_contact,0.0669,20,0.3
P1,A2_B1_P1_2022-06-03_IR1_00141,7,1,epoxy_surface,0.0172,113,0.3
P1,A2_B1_P1_2022-06-03_IR1_00142,1,1,epoxy_surface,0.0167,172,0.3
P1,A2_B1_P1_2022-06-03_IR1_00142,2,0,core_iron,0.0234,107,0.3
P1,A2_B1_P1_2022-06-03_IR1_00142,3,1,epoxy_surface,0.0072,75,0.3
P1,A2_B1_P1_2022-06-03_IR1_00143,0,1,epoxy_surface,0.0160,180,0.3
P1,A2_B1_P1_2022-06-03_IR1_00143,1,2,mold_tr_contact,0.2062,33,0.3
P1,A2_B1_P1_2022-06-03_IR1_00143,3,1,epoxy_surface,0.0060,83,0.3
P1,A2_B1_P1_2022-06-03_IR1_00143,5,0,core_iron,0.0220,116,0.3
P1,A2_B1_P1_2022-06-03_IR1_00144,0,0,core_iron,0.0183,69,0.3
P1,A2_B1_P1_2022-06-03_IR1_00144,1,1,epoxy_surface,0.0080,136,0.3
P1,A2_B1_P1_2022-06-03_IR1_00144,2,1,epoxy_surface,0.0119,200,0.3
P1,A2_B1_P1_2022-06-03_IR1_00144,3,1,epoxy_surface,0.0170,264,0.3
P1,A2_B1_P1_2022-06-03_IR1_00145,0,1,epoxy_surface,0.0042,75,0.3
P1,A2_B1_P1_2022-06-03_IR1_00145,1,1,epoxy_surface,0.0056,84,0.3
P1,A2_B1_P1_2022-06-03_IR1_00145,2,1,epoxy_surface,0.0131,158,0.3
P1,A2_B1_P1_2022-06-03_IR1_00145,3,0,core_iron,0.0025,13,0.3
P1,A2_B1_P1_2022-06-03_IR1_00146,0,1,epoxy_surface,0.0051,64,0.3
P1,A2_B1_P1_2022-06-03_IR1_00146,1,2,mold_tr_contact,0.0167,5,0.3
P1,A2_B1_P1_2022-06-03_IR1_00146,2,2,mold_tr_contact,0.0248,8,0.3
P1,A2_B1_P1_2022-06-03_IR1_00146,4,0,core_iron,0.0050,40,0.3
P1,A2_B1_P1_2022-06-03_IR1_00146,5,1,epoxy_surface,0.0105,143,0.3
P1,A2_B1_P1_2022-06-03_IR1_00146,6,1,epoxy_surface,0.0071,80,0.3
P1,A2_B1_P1_2022-06-03_IR1_00147,1,2,mold_tr_contact,0.0175,5,0.3
P1,A2_B1_P1_2022-06-03_IR1_00147,2,0,core_iron,0.0158,141,0.3
P1,A2_B1_P1_2022-06-03_IR1_00147,4,1,epoxy_surface,0.0102,107,0.3
P1,A2_B1_P1_2022-06-03_IR1_00148,0,1,epoxy_surface,0.0028,35,0.3
P1,A2_B1_P1_2022-06-03_IR1_00148,2,1,epoxy_surface,0.0164,166,0.3
P1,A2_B1_P1_2022-06-03_IR1_00148,3,1,epoxy_surface,0.0064,83,0.3
P1,A2_B1_P1_2022-06-03_IR1_00148,4,0,core_iron,0.0195,156,0.3
P1,A2_B1_P1_2022-06-03_IR1_00149,0,1,epoxy_surface,0.0019,24,0.3
P1,A2_B1_P1_2022-06-03_IR1_00149,1,1,epoxy_surface,0.0159,191,0.3
P1,A2_B1_P1_2022-06-03_IR1_00149,3,2,mold_tr_contact,0.0040,1,0.3
P1,A2_B1_P1_2022-06-03_IR1_00149,4,0,core_iron,0.0156,150,0.3
P1,A2_B1_P1_2022-06-03_IR1_00149,6,1,epoxy_surface,0.0061,86,0.3
P1,A2_B1_P1_2022-06-03_IR1_00150,1,0,core_iron,0.0172,177,0.3
P1,A2_B1_P1_2022-06-03_IR1_00150,2,1,epoxy_surface,0.0055,75,0.3
P1,A2_B1_P1_2022-06-03_IR1_00150,3,1,epoxy_surface,0.0065,73,0.3
P1,A2_B1_P1_2022-06-03_IR1_00150,6,1,epoxy_surface,0.0125,155,0.3
P1,A2_B1_P1_2022-06-03_IR1_00151,0,1,epoxy_surface,0.0118,151,0.3
P1,A2_B1_P1_2022-06-03_IR1_00151,1,1,epoxy_surface,0.0040,54,0.3
P1,A2_B1_P1_2022-06-03_IR1_00151,2,1,epoxy_surface,0.0065,82,0.3
P1,A2_B1_P1_2022-06-03_IR1_00151,4,0,core_iron,0.0025,13,0.3
P1,A2_B1_P1_2022-06-03_IR1_00152,0,1,epoxy_surface,0.0098,42,0.3
P1,A2_B1_P1_2022-06-03_IR1_00152,1,1,epoxy_surface,0.0033,49,0.3
P1,A2_B1_P1_2022-06-03_IR1_00152,2,1,epoxy_surface,0.0103,127,0.3
P1,A2_B1_P1_2022-06-03_IR1_00153,0,1,epoxy_surface,0.0063,105,0.3
P1,A2_B1_P1_2022-06-03_IR1_00153,1,1,epoxy_surface,0.0124,186,0.3
P1,A2_B1_P1_2022-06-03_IR1_00154,0,1,epoxy_surface,0.0199,165,0.3
P1,A2_B1_P1_2022-06-03_IR1_00154,1,1,epoxy_surface,0.0014,19,0.3
P1,A2_B1_P1_2022-06-03_IR1_00155,0,1,epoxy_surface,0.0149,156,0.3
P1,A2_B1_P1_2022-06-03_IR1_00155,1,1,epoxy_surface,0.0014,19,0.3
P1,A2_B1_P1_2022-06-03_IR1_00155,2,0,core_iron,0.0171,59,0.3
P1,A2_B1_P1_2022-06-03_IR1_00156,0,1,epoxy_surface,0.0057,75,0.3
P1,A2_B1_P1_2022-06-03_IR1_00156,1,0,core_iron,0.0047,13,0.3
P1,A2_B1_P1_2022-06-03_IR1_00156,2,1,epoxy_surface,0.0215,142,0.3
P1,A2_B1_P1_2022-06-03_IR1_00156,3,1,epoxy_surface,0.0039,66,0.3
P1,A2_B1_P1_2022-06-03_IR1_00156,4,0,core_iron,0.0003,1,0.3
P1,A2_B1_P1_2022-06-03_IR1_00157,0,1,epoxy_surface,0.0065,78,0.3
P1,A2_B1_P1_2022-06-03_IR1_00157,1,2,mold_tr_contact,0.0070,3,0.3
P1,A2_B1_P1_2022-06-03_IR1_00157,2,0,core_iron,0.0051,38,0.3
P1,A2_B1_P1_2022-06-03_IR1_00157,3,1,epoxy_surface,0.0258,116,0.3
P1,A2_B1_P1_2022-06-03_IR1_00157,4,1,epoxy_surface,0.0033,50,0.3
P1,A2_B1_P1_2022-06-03_IR1_00157,6,2,mold_tr_contact,0.0143,4,0.3
P1,A2_B1_P1_2022-06-03_IR1_00158,4,0,core_iron,0.0143,120,0.3
P1,A2_B1_P1_2022-06-03_IR1_00159,2,0,core_iron,0.0175,85,0.3
P1,A2_B1_P1_2022-06-03_IR1_00160,0,1,epoxy_surface,0.0126,133,0.3
P1,A2_B1_P1_2022-06-03_IR1_00160,1,0,core_iron,0.0170,27,0.3
P1,A2_B1_P1_2022-06-03_IR1_00161,0,0,core_iron,0.0068,70,0.3
P1,A2_B1_P1_2022-06-03_IR1_00161,1,1,epoxy_surface,0.0144,97,0.3
P1,A2_B1_P1_2022-06-03_IR1_00161,6,1,epoxy_surface,0.0099,63,0.3
P1,A2_B1_P1_2022-06-03_IR1_00161,7,1,epoxy_surface,0.0111,88,0.3
P1,A2_B1_P1_2022-06-03_IR1_00162,1,1,epoxy_surface,0.0117,75,0.3
P1,A2_B1_P1_2022-06-03_IR1_00162,3,0,core_iron,0.0076,70,0.3
P1,A2_B1_P1_2022-06-03_IR1_00162,4,1,epoxy_surface,0.0119,88,0.3
P1,A2_B1_P1_2022-06-03_IR1_00162,5,1,epoxy_surface,0.0182,94,0.3
P1,A2_B1_P1_2022-06-03_IR1_00163,1,0,core_iron,0.0040,33,0.3
P1,A2_B1_P1_2022-06-03_IR1_00163,2,1,epoxy_surface,0.0127,53,0.3
P1,A2_B1_P1_2022-06-03_IR1_00163,3,1,epoxy_surface,0.0102,67,0.3
P1,A2_B1_P1_2022-06-03_IR1_00163,4,1,epoxy_surface,0.0133,90,0.3
P1,A2_B1_P1_2022-06-03_IR1_00164,0,2,mold_tr_contact,0.0112,13,0.3
P1,A2_B1_P1_2022-06-03_IR1_00164,1,1,epoxy_surface,0.0078,69,0.3
P1,A2_B1_P1_2022-06-03_IR1_00164,2,1,epoxy_surface,0.0165,137,0.3
P1,A2_B1_P1_2022-06-03_IR1_00164,4,1,epoxy_surface,0.0129,65,0.3
P1,A2_B1_P1_2022-06-03_IR1_00164,5,2,mold_tr_contact,0.0145,17,0.3
P1,A2_B1_P1_2022-06-03_IR1_00164,6,0,core_iron,0.0069,80,0.3
P1,A2_B1_P1_2022-06-03_IR1_00164,7,2,mold_tr_contact,0.0009,1,0.3
P1,A2_B1_P1_2022-06-03_IR1_00165,0,1,epoxy_surface,0.0104,67,0.3
P1,A2_B1_P1_2022-06-03_IR1_00165,1,2,mold_tr_contact,0.0121,12,0.3
P1,A2_B1_P1_2022-06-03_IR1_00165,2,1,epoxy_surface,0.0133,107,0.3
P1,A2_B1_P1_2022-06-03_IR1_00165,3,2,mold_tr_contact,0.0110,13,0.3
P1,A2_B1_P1_2022-06-03_IR1_00165,4,0,core_iron,0.0067,78,0.3
P1,A2_B1_P1_2022-06-03_IR1_00165,5,2,mold_tr_contact,0.0125,15,0.3
P1,A2_B1_P1_2022-06-03_IR1_00165,6,2,mold_tr_contact,0.0155,18,0.3
P1,A2_B1_P1_2022-06-03_IR1_00165,7,1,epoxy_surface,0.0086,82,0.3
P1,A2_B1_P1_2022-06-03_IR1_00166,0,2,mold_tr_contact,0.0166,18,0.3
P1,A2_B1_P1_2022-06-03_IR1_00166,1,0,core_iron,0.0065,92,0.3
P1,A2_B1_P1_2022-06-03_IR1_00166,2,2,mold_tr_contact,0.0018,2,0.3
P1,A2_B1_P1_2022-06-03_IR1_00166,4,2,mold_tr_contact,0.0154,20,0.3
P1,A2_B1_P1_2022-06-03_IR1_00166,5,1,epoxy_surface,0.0094,76,0.3
P1,A2_B1_P1_2022-06-03_IR1_00166,6,1,epoxy_surface,0.0095,109,0.3
P1,A2_B1_P1_2022-06-03_IR1_00166,7,1,epoxy_surface,0.0178,109,0.3
P1,A3_B2_P1_2022-06-17_IR1_00001,0,1,epoxy_surface,0.0119,73,0.3
P1,A3_B2_P1_2022-06-17_IR1_00001,1,2,mold_tr_contact,0.0385,29,0.3
P1,A3_B2_P1_2022-06-17_IR1_00001,4,0,core_iron,0.0046,29,0.3
P1,A3_B2_P1_2022-06-17_IR1_00001,5,1,epoxy_surface,0.0145,71,0.3
P1,A3_B2_P1_2022-06-17_IR1_00001,6,1,epoxy_surface,0.0129,42,0.3
P1,A3_B2_P1_2022-06-17_IR1_00002,0,1,epoxy_surface,0.0048,60,0.3
P1,A3_B2_P1_2022-06-17_IR1_00002,1,1,epoxy_surface,0.0031,47,0.3
P1,A3_B2_P1_2022-06-17_IR1_00002,2,1,epoxy_surface,0.0137,165,0.3
P1,A3_B2_P1_2022-06-17_IR1_00003,0,1,epoxy_surface,0.0115,195,0.3
P1,A3_B2_P1_2022-06-17_IR1_00003,1,1,epoxy_surface,0.0126,205,0.3
P1,A3_B2_P1_2022-06-17_IR1_00003,2,1,epoxy_surface,0.0042,107,0.3
P1,A3_B2_P1_2022-06-17_IR1_00005,0,1,epoxy_surface,0.0069,171,0.3
P1,A3_B2_P1_2022-06-17_IR1_00005,1,1,epoxy_surface,0.0104,196,0.3
P1,A3_B2_P1_2022-06-17_IR1_00006,0,2,mold_tr_contact,0.0139,37,0.3
P1,A3_B2_P1_2022-06-17_IR1_00006,1,1,epoxy_surface,0.0096,120,0.3
P1,A3_B2_P1_2022-06-17_IR1_00006,2,2,mold_tr_contact,0.0198,35,0.3
P1,A3_B2_P1_2022-06-17_IR1_00006,3,0,core_iron,0.0031,39,0.3
P1,A3_B2_P1_2022-06-17_IR1_00006,4,2,mold_tr_contact,0.0044,12,0.3
P1,A3_B2_P1_2022-06-17_IR1_00006,5,2,mold_tr_contact,0.0072,22,0.3
P1,A3_B2_P1_2022-06-17_IR1_00006,6,1,epoxy_surface,0.0105,106,0.3
P1,A3_B2_P1_2022-06-17_IR1_00007,0,2,mold_tr_contact,0.0051,40,0.3
P1,A3_B2_P1_2022-06-17_IR1_00007,2,0,core_iron,0.0116,202,0.3
P1,A3_B2_P1_2022-06-17_IR1_00007,3,2,mold_tr_contact,0.0156,123,0.3
P1,A3_B2_P1_2022-06-17_IR1_00009,0,0,core_iron,0.0114,178,0.3
P1,A3_B2_P1_2022-06-17_IR1_00009,1,2,mold_tr_contact,0.0124,41,0.3
P1,A3_B2_P1_2022-06-17_IR1_00009,2,2,mold_tr_contact,0.0052,59,0.3
P1,A3_B2_P1_2022-06-17_IR1_00010,0,2,mold_tr_contact,0.0151,136,0.3
P1,A3_B2_P1_2022-06-17_IR1_00010,1,2,mold_tr_contact,0.0041,42,0.3
P1,A3_B2_P1_2022-06-17_IR1_00010,2,0,core_iron,0.0124,193,0.3
P1,A3_B2_P1_2022-06-17_IR1_00011,0,2,mold_tr_contact,0.0037,49,0.3
P1,A3_B2_P1_2022-06-17_IR1_00011,1,2,mold_tr_contact,0.0148,116,0.3
P1,A3_B2_P1_2022-06-17_IR1_00011,2,2,mold_tr_contact,0.0178,160,0.3
P1,A3_B2_P1_2022-06-17_IR1_00011,3,0,core_iron,0.0183,232,0.3
P1,A3_B2_P1_2022-06-17_IR1_00012,0,2,mold_tr_contact,0.0040,44,0.3
P1,A3_B2_P1_2022-06-17_IR1_00012,1,2,mold_tr_contact,0.0182,146,0.3
P1,A3_B2_P1_2022-06-17_IR1_00012,2,0,core_iron,0.0164,229,0.3
P1,A3_B2_P1_2022-06-17_IR1_00012,3,2,mold_tr_contact,0.0196,142,0.3
P1,A3_B2_P1_2022-06-17_IR1_00013,0,2,mold_tr_contact,0.0067,25,0.3
P1,A3_B2_P1_2022-06-17_IR1_00013,1,0,core_iron,0.0134,279,0.3
P1,A3_B2_P1_2022-06-17_IR1_00013,2,2,mold_tr_contact,0.0149,114,0.3
P1,A3_B2_P1_2022-06-17_IR1_00014,0,0,core_iron,0.0132,273,0.3
P1,A3_B2_P1_2022-06-17_IR1_00014,1,2,mold_tr_contact,0.0137,113,0.3
P1,A3_B2_P1_2022-06-17_IR1_00014,2,2,mold_tr_contact,0.0110,53,0.3
P1,A3_B2_P1_2022-06-17_IR1_00014,3,2,mold_tr_contact,0.0047,45,0.3
P1,A3_B2_P1_2022-06-17_IR1_00021,1,2,mold_tr_contact,0.0177,68,0.3
P1,A3_B2_P1_2022-06-17_IR1_00021,2,0,core_iron,0.0127,187,0.3
P1,A3_B2_P1_2022-06-17_IR1_00022,1,0,core_iron,0.0181,184,0.3
P1,A3_B2_P1_2022-06-17_IR1_00025,1,0,core_iron,0.0183,247,0.3
P1,A3_B2_P1_2022-06-17_IR1_00026,0,1,epoxy_surface,0.0109,89,0.3
P1,A3_B2_P1_2022-06-17_IR1_00026,1,1,epoxy_surface,0.0262,113,0.3
P1,A3_B2_P1_2022-06-17_IR1_00026,2,2,mold_tr_contact,0.0177,53,0.3
P1,A3_B2_P1_2022-06-17_IR1_00026,3,0,core_iron,0.0068,126,0.3
P1,A3_B2_P1_2022-06-17_IR1_00026,4,2,mold_tr_contact,0.0063,20,0.3
P1,A3_B2_P1_2022-06-17_IR1_00027,0,2,mold_tr_contact,0.0152,65,0.3
P1,A3_B2_P1_2022-06-17_IR1_00027,1,0,core_iron,0.0069,126,0.3
P1,A3_B2_P1_2022-06-17_IR1_00027,2,1,epoxy_surface,0.0044,14,0.3
P1,A3_B2_P1_2022-06-17_IR1_00027,4,1,epoxy_surface,0.0223,182,0.3
P1,A3_B2_P1_2022-06-17_IR1_00027,5,2,mold_tr_contact,0.0094,55,0.3
P1,A3_B2_P1_2022-06-17_IR1_00028,0,2,mold_tr_contact,0.0519,127,0.3
P1,A3_B2_P1_2022-06-17_IR1_00028,1,1,epoxy_surface,0.0093,114,0.3
P1,A3_B2_P1_2022-06-17_IR1_00028,2,1,epoxy_surface,0.0129,149,0.3
P1,A3_B2_P1_2022-06-17_IR1_00028,3,2,mold_tr_contact,0.0239,55,0.3
P1,A3_B2_P1_2022-06-17_IR1_00028,4,0,core_iron,0.0064,118,0.3
P1,A3_B2_P1_2022-06-17_IR1_00029,0,2,mold_tr_contact,0.0647,111,0.3
P1,A3_B2_P1_2022-06-17_IR1_00029,1,1,epoxy_surface,0.0094,145,0.3
P1,A3_B2_P1_2022-06-17_IR1_00029,2,1,epoxy_surface,0.0119,141,0.3
P1,A3_B2_P1_2022-06-17_IR1_00029,3,0,core_iron,0.0056,76,0.3
P1,A3_B2_P1_2022-06-17_IR1_00029,4,2,mold_tr_contact,0.0010,1,0.3
P1,A3_B2_P1_2022-06-17_IR1_00030,0,1,epoxy_surface,0.0263,142,0.3
P1,A3_B2_P1_2022-06-17_IR1_00030,1,1,epoxy_surface,0.0045,80,0.3
P1,A3_B2_P1_2022-06-17_IR1_00030,2,1,epoxy_surface,0.0060,155,0.3
P1,A3_B2_P1_2022-06-17_IR1_00030,3,0,core_iron,0.0096,41,0.3
P1,A3_B2_P1_2022-06-17_IR1_00031,0,1,epoxy_surface,0.0149,345,0.3
P1,A3_B2_P1_2022-06-17_IR1_00031,1,1,epoxy_surface,0.0130,170,0.3
P1,A3_B2_P1_2022-06-17_IR1_00031,2,1,epoxy_surface,0.0057,146,0.3
P1,A3_B2_P1_2022-06-17_IR1_00032,0,1,epoxy_surface,0.0120,306,0.3
P1,A3_B2_P1_2022-06-17_IR1_00032,1,1,epoxy_surface,0.0047,135,0.3
P1,A3_B2_P1_2022-06-17_IR1_00033,0,1,epoxy_surface,0.0165,336,0.3
P1,A3_B2_P1_2022-06-17_IR1_00033,1,1,epoxy_surface,0.0097,163,0.3
P1,A3_B2_P1_2022-06-17_IR1_00033,2,1,epoxy_surface,0.0046,90,0.3
P1,A3_B2_P1_2022-06-17_IR1_00034,0,1,epoxy_surface,0.0091,95,0.3
P1,A3_B2_P1_2022-06-17_IR1_00034,1,2,mold_tr_contact,0.0164,26,0.3
P1,A3_B2_P1_2022-06-17_IR1_00034,2,2,mold_tr_contact,0.0127,20,0.3
P1,A3_B2_P1_2022-06-17_IR1_00034,3,1,epoxy_surface,0.0205,114,0.3
P1,A3_B2_P1_2022-06-17_IR1_00035,0,2,mold_tr_contact,0.0113,18,0.3
P1,A3_B2_P1_2022-06-17_IR1_00035,1,1,epoxy_surface,0.0122,118,0.3
P1,A3_B2_P1_2022-06-17_IR1_00035,2,1,epoxy_surface,0.0094,76,0.3
P1,A3_B2_P1_2022-06-17_IR1_00035,5,2,mold_tr_contact,0.0202,30,0.3
P1,A3_B2_P1_2022-06-17_IR1_00036,0,1,epoxy_surface,0.0110,179,0.3
P1,A3_B2_P1_2022-06-17_IR1_00036,1,1,epoxy_surface,0.0062,115,0.3
P1,A3_B2_P1_2022-06-17_IR1_00037,0,1,epoxy_surface,0.0061,142,0.3
P1,A3_B2_P1_2022-06-17_IR1_00037,1,1,epoxy_surface,0.0113,200,0.3
P1,A3_B2_P1_2022-06-17_IR1_00038,0,1,epoxy_surface,0.0098,212,0.3
P1,A3_B2_P1_2022-06-17_IR1_00038,1,1,epoxy_surface,0.0074,160,0.3
P1,A3_B2_P1_2022-06-17_IR1_00039,0,1,epoxy_surface,0.0124,215,0.3
P1,A3_B2_P1_2022-06-17_IR1_00039,1,0,core_iron,0.0047,13,0.3
P1,A3_B2_P1_2022-06-17_IR1_00039,2,1,epoxy_surface,0.0061,144,0.3
P1,A3_B2_P1_2022-06-17_IR1_00040,0,1,epoxy_surface,0.0050,128,0.3
P1,A3_B2_P1_2022-06-17_IR1_00040,1,0,core_iron,0.0035,13,0.3
P1,A3_B2_P1_2022-06-17_IR1_00040,2,1,epoxy_surface,0.0095,209,0.3
P1,A3_B2_P1_2022-06-17_IR1_00041,0,1,epoxy_surface,0.0158,276,0.3
P1,A3_B2_P1_2022-06-17_IR1_00041,1,1,epoxy_surface,0.0070,166,0.3
P1,A3_B2_P1_2022-06-17_IR1_00041,2,1,epoxy_surface,0.0095,204,0.3
P1,A3_B2_P1_2022-06-17_IR1_00042,0,1,epoxy_surface,0.0111,208,0.3
P1,A3_B2_P1_2022-06-17_IR1_00042,1,0,core_iron,0.0038,13,0.3
P1,A3_B2_P1_2022-06-17_IR1_00042,2,1,epoxy_surface,0.0084,104,0.3
P1,A3_B2_P1_2022-06-17_IR1_00042,3,1,epoxy_surface,0.0063,126,0.3
P1,A3_B2_P1_2022-06-17_IR1_00043,0,1,epoxy_surface,0.0104,190,0.3
P1,A3_B2_P1_2022-06-17_IR1_00043,1,1,epoxy_surface,0.0066,147,0.3
P1,A3_B2_P1_2022-06-17_IR1_00043,2,1,epoxy_surface,0.0156,319,0.3
P1,A3_B2_P1_2022-06-17_IR1_00044,0,1,epoxy_surface,0.0063,143,0.3
P1,A3_B2_P1_2022-06-17_IR1_00044,1,1,epoxy_surface,0.0098,182,0.3
P1,A3_B2_P1_2022-06-17_IR1_00044,2,1,epoxy_surface,0.0141,315,0.3
P1,A3_B2_P1_2022-06-17_IR1_00045,0,1,epoxy_surface,0.0141,326,0.3
P1,A3_B2_P1_2022-06-17_IR1_00045,1,1,epoxy_surface,0.0061,127,0.3
P1,A3_B2_P1_2022-06-17_IR1_00045,2,1,epoxy_surface,0.0114,169,0.3
P1,A3_B2_P1_2022-06-17_IR1_00046,0,1,epoxy_surface,0.0146,228,0.3
P1,A3_B2_P1_2022-06-17_IR1_00046,1,1,epoxy_surface,0.0074,169,0.3
P1,A3_B2_P1_2022-06-17_IR1_00046,2,1,epoxy_surface,0.0107,180,0.3
P1,A3_B2_P1_2022-06-17_IR1_00047,0,1,epoxy_surface,0.0115,241,0.3
P1,A3_B2_P1_2022-06-17_IR1_00047,1,1,epoxy_surface,0.0057,133,0.3
P1,A3_B2_P1_2022-06-17_IR1_00048,0,1,epoxy_surface,0.0139,269,0.3
P1,A3_B2_P1_2022-06-17_IR1_00048,1,1,epoxy_surface,0.0037,79,0.3
P1,A3_B2_P1_2022-06-17_IR1_00048,2,0,core_iron,0.0205,140,0.3
P1,A3_B2_P1_2022-06-17_IR1_00049,0,1,epoxy_surface,0.0126,251,0.3
P1,A3_B2_P1_2022-06-17_IR1_00049,1,0,core_iron,0.0046,55,0.3
P1,A3_B2_P1_2022-06-17_IR1_00049,2,1,epoxy_surface,0.0098,179,0.3
P1,A3_B2_P1_2022-06-17_IR1_00049,3,1,epoxy_surface,0.0066,16,0.3
P1,A3_B2_P1_2022-06-17_IR1_00050,0,1,epoxy_surface,0.0159,144,0.3
P1,A3_B2_P1_2022-06-17_IR1_00050,1,1,epoxy_surface,0.0119,114,0.3
P1,A3_B2_P1_2022-06-17_IR1_00050,2,0,core_iron,0.0053,67,0.3
P1,A3_B2_P1_2022-06-17_IR1_00050,3,1,epoxy_surface,0.0054,112,0.3
P1,A3_B2_P1_2022-06-17_IR1_00051,0,0,core_iron,0.0048,57,0.3
P1,A3_B2_P1_2022-06-17_IR1_00051,1,1,epoxy_surface,0.0073,125,0.3
P1,A3_B2_P1_2022-06-17_IR1_00051,2,1,epoxy_surface,0.0096,138,0.3
P1,A3_B2_P1_2022-06-17_IR1_00053,0,1,epoxy_surface,0.0097,76,0.3
P1,A3_B2_P1_2022-06-17_IR1_00053,1,0,core_iron,0.0067,79,0.3
P1,A3_B2_P1_2022-06-17_IR1_00053,2,1,epoxy_surface,0.0125,128,0.3
P1,A3_B2_P1_2022-06-17_IR1_00054,0,2,mold_tr_contact,0.0219,26,0.3
P1,A3_B2_P1_2022-06-17_IR1_00054,1,0,core_iron,0.0045,40,0.3
P1,A3_B2_P1_2022-06-17_IR1_00054,2,2,mold_tr_contact,0.0134,15,0.3
P1,A3_B2_P1_2022-06-17_IR1_00054,3,1,epoxy_surface,0.0109,127,0.3
P1,A3_B2_P1_2022-06-17_IR1_00054,4,1,epoxy_surface,0.0210,55,0.3
P1,A3_B2_P1_2022-06-17_IR1_00054,5,1,epoxy_surface,0.0100,116,0.3
P1,A3_B2_P1_2022-06-17_IR1_00054,6,2,mold_tr_contact,0.0254,14,0.3
P1,A3_B2_P1_2022-06-17_IR1_00055,0,0,core_iron,0.0040,38,0.3
P1,A3_B2_P1_2022-06-17_IR1_00055,1,1,epoxy_surface,0.0046,72,0.3
P1,A3_B2_P1_2022-06-17_IR1_00055,2,2,mold_tr_contact,0.0193,25,0.3
P1,A3_B2_P1_2022-06-17_IR1_00055,3,1,epoxy_surface,0.0156,180,0.3
P1,A3_B2_P1_2022-06-17_IR1_00055,4,2,mold_tr_contact,0.0081,9,0.3
P1,A3_B2_P1_2022-06-17_IR1_00055,5,2,mold_tr_contact,0.0488,68,0.3
P1,A3_B2_P1_2022-06-17_IR1_00056,0,0,core_iron,0.0039,49,0.3
P1,A3_B2_P1_2022-06-17_IR1_00056,1,1,epoxy_surface,0.0170,137,0.3
P1,A3_B2_P1_2022-06-17_IR1_00056,2,1,epoxy_surface,0.0064,75,0.3
P1,A3_B2_P1_2022-06-17_IR1_00057,0,1,epoxy_surface,0.0057,72,0.3
P1,A3_B2_P1_2022-06-17_IR1_00057,1,0,core_iron,0.0039,49,0.3
P1,A3_B2_P1_2022-06-17_IR1_00057,2,1,epoxy_surface,0.0124,122,0.3
P1,A3_B2_P1_2022-06-17_IR1_00058,0,2,mold_tr_contact,0.0010,1,0.3
P1,A3_B2_P1_2022-06-17_IR1_00058,1,1,epoxy_surface,0.0203,22,0.3
P1,A3_B2_P1_2022-06-17_IR1_00058,2,1,epoxy_surface,0.0011,2,0.3
P1,A3_B2_P1_2022-06-17_IR1_00059,0,1,epoxy_surface,0.0143,120,0.3
P1,A3_B2_P1_2022-06-17_IR1_00059,1,1,epoxy_surface,0.0061,85,0.3
P1,A3_B2_P1_2022-06-17_IR1_00059,2,0,core_iron,0.0040,51,0.3
P1,A3_B2_P1_2022-06-17_IR1_00059,3,1,epoxy_surface,0.0134,78,0.3
P1,A3_B2_P1_2022-06-17_IR1_00060,0,1,epoxy_surface,0.0093,131,0.3
P1,A3_B2_P1_2022-06-17_IR1_00060,1,1,epoxy_surface,0.0107,91,0.3
P1,A3_B2_P1_2022-06-17_IR1_00060,2,2,mold_tr_contact,0.0013,1,0.3
P1,A3_B2_P1_2022-06-17_IR1_00060,3,0,core_iron,0.0041,50,0.3
P1,A3_B2_P1_2022-06-17_IR1_00061,0,1,epoxy_surface,0.0051,20,0.3
P1,A3_B2_P1_2022-06-17_IR1_00061,1,1,epoxy_surface,0.0075,171,0.3
P1,A3_B2_P1_2022-06-17_IR1_00061,2,1,epoxy_surface,0.0102,196,0.3
P1,A3_B2_P1_2022-06-17_IR1_00062,0,1,epoxy_surface,0.0046,134,0.3
P1,A3_B2_P1_2022-06-17_IR1_00062,1,1,epoxy_surface,0.0196,146,0.3
P1,A3_B2_P1_2022-06-17_IR1_00062,2,0,core_iron,0.0130,127,0.3
P1,A3_B2_P1_2022-06-17_IR1_00062,3,1,epoxy_surface,0.0181,140,0.3
P1,A3_B2_P1_2022-06-17_IR1_00063,0,1,epoxy_surface,0.0134,361,0.3
P1,A3_B2_P1_2022-06-17_IR1_00063,1,1,epoxy_surface,0.0094,228,0.3
P1,A3_B2_P1_2022-06-17_IR1_00064,0,1,epoxy_surface,0.0085,215,0.3
P1,A3_B2_P1_2022-06-17_IR1_00064,1,1,epoxy_surface,0.0171,164,0.3
P1,A3_B2_P1_2022-06-17_IR1_00064,2,1,epoxy_surface,0.0096,219,0.3
P1,A3_B2_P1_2022-06-17_IR1_00065,0,0,core_iron,0.0281,224,0.3
P1,A3_B2_P1_2022-06-17_IR1_00065,1,1,epoxy_surface,0.0092,202,0.3
P1,A3_B2_P1_2022-06-17_IR1_00065,2,1,epoxy_surface,0.0116,237,0.3
P1,A3_B2_P1_2022-06-17_IR1_00066,0,1,epoxy_surface,0.0095,227,0.3
P1,A3_B2_P1_2022-06-17_IR1_00066,1,0,core_iron,0.0055,62,0.3
P1,A3_B2_P1_2022-06-17_IR1_00066,2,1,epoxy_surface,0.0180,210,0.3
P1,A3_B2_P1_2022-06-17_IR1_00067,0,1,epoxy_surface,0.0176,156,0.3
P1,A3_B2_P1_2022-06-17_IR1_00067,1,1,epoxy_surface,0.0172,229,0.3
P1,A3_B2_P1_2022-06-17_IR1_00067,2,1,epoxy_surface,0.0057,210,0.3
P1,A3_B3_P1_2022-06-17_IR1_00003,0,2,mold_tr_contact,0.0076,32,0.3
P1,A3_B3_P1_2022-06-17_IR1_00003,1,2,mold_tr_contact,0.0278,111,0.3
P1,A3_B3_P1_2022-06-17_IR1_00004,1,2,mold_tr_contact,0.0358,118,0.3
P1,A3_B3_P1_2022-06-17_IR1_00004,2,0,core_iron,0.0215,226,0.3
P1,A3_B3_P1_2022-06-17_IR1_00005,0,2,mold_tr_contact,0.0067,15,0.3
P1,A3_B3_P1_2022-06-17_IR1_00005,2,0,core_iron,0.0038,52,0.3
P1,A3_B3_P1_2022-06-17_IR1_00005,3,2,mold_tr_contact,0.0208,99,0.3
P1,A3_B3_P1_2022-06-17_IR1_00005,6,2,mold_tr_contact,0.0065,28,0.3
P1,A3_B3_P1_2022-06-17_IR1_00005,7,2,mold_tr_contact,0.0044,18,0.3
P1,A3_B3_P1_2022-06-17_IR1_00006,1,2,mold_tr_contact,0.0065,18,0.3
P1,A3_B3_P1_2022-06-17_IR1_00006,2,2,mold_tr_contact,0.0077,26,0.3
P1,A3_B3_P1_2022-06-17_IR1_00006,3,0,core_iron,0.0125,45,0.3
P1,A3_B3_P1_2022-06-17_IR1_00006,5,2,mold_tr_contact,0.0048,23,0.3
P1,A3_B3_P1_2022-06-17_IR1_00007,3,0,core_iron,0.0145,154,0.3
P1,A3_B3_P1_2022-06-17_IR1_00008,0,2,mold_tr_contact,0.0059,38,0.3
P1,A3_B3_P1_2022-06-17_IR1_00008,1,2,mold_tr_contact,0.0209,134,0.3
P1,A3_B3_P1_2022-06-17_IR1_00008,2,2,mold_tr_contact,0.0042,27,0.3
P1,A3_B3_P1_2022-06-17_IR1_00008,3,0,core_iron,0.0154,169,0.3
P1,A3_B3_P1_2022-06-17_IR1_00009,0,2,mold_tr_contact,0.0050,28,0.3
P1,A3_B3_P1_2022-06-17_IR1_00009,1,2,mold_tr_contact,0.0221,165,0.3
P1,A3_B3_P1_2022-06-17_IR1_00009,2,0,core_iron,0.0200,222,0.3
P1,A3_B3_P1_2022-06-17_IR1_00009,3,2,mold_tr_contact,0.0058,39,0.3
P1,A3_B3_P1_2022-06-17_IR1_00010,0,2,mold_tr_contact,0.0089,29,0.3
P1,A3_B3_P1_2022-06-17_IR1_00010,1,2,mold_tr_contact,0.0255,125,0.3
P1,A3_B3_P1_2022-06-17_IR1_00011,0,2,mold_tr_contact,0.0026,10,0.3
P1,A3_B3_P1_2022-06-17_IR1_00011,1,2,mold_tr_contact,0.0078,32,0.3
P1,A3_B3_P1_2022-06-17_IR1_00011,2,2,mold_tr_contact,0.0281,113,0.3
P1,A3_B3_P1_2022-06-17_IR1_00012,0,2,mold_tr_contact,0.0070,31,0.3
P1,A3_B3_P1_2022-06-17_IR1_00012,2,2,mold_tr_contact,0.0262,120,0.3
P1,A3_B3_P1_2022-06-17_IR1_00013,0,2,mold_tr_contact,0.0081,36,0.3
P1,A3_B3_P1_2022-06-17_IR1_00013,2,2,mold_tr_contact,0.0002,1,0.3
P1,A3_B3_P1_2022-06-17_IR1_00014,0,2,mold_tr_contact,0.0058,37,0.3
P1,A3_B3_P1_2022-06-17_IR1_00014,1,2,mold_tr_contact,0.0038,17,0.3
P1,A3_B3_P1_2022-06-17_IR1_00014,2,2,mold_tr_contact,0.0030,17,0.3
P1,A3_B3_P1_2022-06-17_IR1_00015,0,2,mold_tr_contact,0.0242,190,0.3
P1,A3_B3_P1_2022-06-17_IR1_00015,1,2,mold_tr_contact,0.0012,8,0.3
P1,A3_B3_P1_2022-06-17_IR1_00015,2,2,mold_tr_contact,0.0056,37,0.3
P1,A3_B3_P1_2022-06-17_IR1_00016,0,2,mold_tr_contact,0.0076,40,0.3
P1,A3_B3_P1_2022-06-17_IR1_00016,1,2,mold_tr_contact,0.0004,2,0.3
P1,A3_B3_P1_2022-06-17_IR1_00016,2,2,mold_tr_contact,0.0074,42,0.3
P1,A3_B3_P1_2022-06-17_IR1_00017,1,2,mold_tr_contact,0.0060,44,0.3
P1,A3_B3_P1_2022-06-17_IR1_00017,2,2,mold_tr_contact,0.0013,8,0.3
P1,A3_B3_P1_2022-06-17_IR1_00018,0,2,mold_tr_contact,0.0003,2,0.3
P1,A3_B3_P1_2022-06-17_IR1_00018,1,2,mold_tr_contact,0.0057,39,0.3
P1,A3_B3_P1_2022-06-17_IR1_00019,1,0,core_iron,0.0195,126,0.3
P1,A3_B3_P1_2022-06-17_IR1_00019,2,2,mold_tr_contact,0.0009,6,0.3
P1,A3_B3_P1_2022-06-17_IR1_00020,0,2,mold_tr_contact,0.0108,79,0.3
P1,A3_B3_P1_2022-06-17_IR1_00020,1,2,mold_tr_contact,0.0008,6,0.3
P1,A3_B3_P1_2022-06-17_IR1_00020,2,2,mold_tr_contact,0.0070,42,0.3
P1,A3_B3_P1_2022-06-17_IR1_00021,0,2,mold_tr_contact,0.0003,2,0.3
P1,A3_B3_P1_2022-06-17_IR1_00021,1,2,mold_tr_contact,0.0102,63,0.3
P1,A3_B3_P1_2022-06-17_IR1_00021,2,2,mold_tr_contact,0.0065,40,0.3
P1,A3_B3_P1_2022-06-17_IR1_00022,0,2,mold_tr_contact,0.0004,2,0.3
P1,A3_B3_P1_2022-06-17_IR1_00022,1,2,mold_tr_contact,0.0091,67,0.3
P1,A3_B3_P1_2022-06-17_IR1_00022,2,2,mold_tr_contact,0.0077,40,0.3
P1,A3_B3_P1_2022-06-17_IR1_00023,0,2,mold_tr_contact,0.0252,135,0.3
P1,A3_B3_P1_2022-06-17_IR1_00023,1,2,mold_tr_contact,0.0065,44,0.3
P1,A3_B3_P1_2022-06-17_IR1_00023,2,2,mold_tr_contact,0.0064,38,0.3
P1,A3_B3_P1_2022-06-17_IR1_00023,3,2,mold_tr_contact,0.0303,18,0.3
P1,A3_B3_P1_2022-06-17_IR1_00024,0,2,mold_tr_contact,0.0077,38,0.3
P1,A3_B3_P1_2022-06-17_IR1_00024,1,2,mold_tr_contact,0.0074,45,0.3
P1,A3_B3_P1_2022-06-17_IR1_00024,3,2,mold_tr_contact,0.0211,137,0.3
P1,A3_B3_P1_2022-06-17_IR1_00025,0,2,mold_tr_contact,0.0076,37,0.3
P1,A3_B3_P1_2022-06-17_IR1_00025,1,2,mold_tr_contact,0.0078,51,0.3
P1,A3_B3_P1_2022-06-17_IR1_00026,0,2,mold_tr_contact,0.0081,39,0.3
P1,A3_B3_P1_2022-06-17_IR1_00026,1,2,mold_tr_contact,0.0073,40,0.3
P1,A3_B3_P1_2022-06-17_IR1_00026,2,2,mold_tr_contact,0.0148,11,0.3
P1,A3_B3_P1_2022-06-17_IR1_00026,3,2,mold_tr_contact,0.0227,150,0.3
P1,A3_B3_P1_2022-06-17_IR1_00026,4,2,mold_tr_contact,0.0264,115,0.3
P1,A3_B3_P1_2022-06-17_IR1_00027,0,2,mold_tr_contact,0.0067,41,0.3
P1,A3_B3_P1_2022-06-17_IR1_00027,1,2,mold_tr_contact,0.0183,9,0.3
P1,A3_B3_P1_2022-06-17_IR1_00028,0,2,mold_tr_contact,0.0072,40,0.3
P1,A3_B3_P1_2022-06-17_IR1_00029,0,2,mold_tr_contact,0.0065,36,0.3
P1,A3_B3_P1_2022-06-17_IR1_00030,1,2,mold_tr_contact,0.0056,35,0.3
P1,A3_B3_P1_2022-06-17_IR1_00030,2,0,core_iron,0.0281,110,0.3
P1,A3_B3_P1_2022-06-17_IR1_00031,0,2,mold_tr_contact,0.0073,65,0.3
P1,A3_B3_P1_2022-06-17_IR1_00032,0,2,mold_tr_contact,0.0087,80,0.3
P1,A3_B3_P1_2022-06-17_IR1_00033,0,1,epoxy_surface,0.0079,176,0.3
P1,A3_B3_P1_2022-06-17_IR1_00033,1,0,core_iron,0.0197,81,0.3
P1,A3_B3_P1_2022-06-17_IR1_00033,2,1,epoxy_surface,0.0161,261,0.3
P1,A3_B3_P1_2022-06-17_IR1_00034,0,1,epoxy_surface,0.0126,203,0.3
P1,A3_B3_P1_2022-06-17_IR1_00034,1,1,epoxy_surface,0.0052,102,0.3
P1,A3_B3_P1_2022-06-17_IR1_00034,2,0,core_iron,0.0175,81,0.3
P1,A3_B3_P1_2022-06-17_IR1_00035,1,1,epoxy_surface,0.0086,93,0.3
P1,A3_B3_P1_2022-06-17_IR1_00036,0,0,core_iron,0.0053,25,0.3
P1,A3_B3_P1_2022-06-17_IR1_00036,1,1,epoxy_surface,0.0087,183,0.3
P1,A3_B3_P1_2022-06-17_IR1_00036,2,1,epoxy_surface,0.0141,180,0.3
P1,A3_B3_P1_2022-06-17_IR1_00037,0,1,epoxy_surface,0.0132,208,0.3
P1,A3_B3_P1_2022-06-17_IR1_00037,1,1,epoxy_surface,0.0071,160,0.3
P1,A3_B3_P1_2022-06-17_IR1_00038,0,0,core_iron,0.0214,89,0.3
P1,A3_B3_P1_2022-06-17_IR1_00038,1,1,epoxy_surface,0.0159,326,0.3
P1,A3_B3_P1_2022-06-17_IR1_00038,2,1,epoxy_surface,0.0066,138,0.3
P1,A3_B3_P1_2022-06-17_IR1_00039,0,1,epoxy_surface,0.0050,103,0.3
P1,A3_B3_P1_2022-06-17_IR1_00039,1,0,core_iron,0.0182,81,0.3
P1,A3_B3_P1_2022-06-17_IR1_00039,2,1,epoxy_surface,0.0136,238,0.3
P1,A3_B3_P1_2022-06-17_IR1_00040,0,1,epoxy_surface,0.0055,103,0.3
P1,A3_B3_P1_2022-06-17_IR1_00040,1,1,epoxy_surface,0.0138,236,0.3
P1,A3_B3_P1_2022-06-17_IR1_00040,2,1,epoxy_surface,0.0095,180,0.3
P1,A3_B3_P1_2022-06-17_IR1_00040,3,0,core_iron,0.0171,81,0.3
P1,A3_B3_P1_2022-06-17_IR1_00041,0,1,epoxy_surface,0.0150,270,0.3
P1,A3_B3_P1_2022-06-17_IR1_00041,1,0,core_iron,0.0148,81,0.3
P1,A3_B3_P1_2022-06-17_IR1_00041,2,1,epoxy_surface,0.0106,159,0.3
P1,A3_B3_P1_2022-06-17_IR1_00041,3,1,epoxy_surface,0.0052,99,0.3
P1,A3_B3_P1_2022-06-17_IR1_00042,0,1,epoxy_surface,0.0097,210,0.3
P1,A3_B3_P1_2022-06-17_IR1_00042,1,1,epoxy_surface,0.0056,110,0.3
P1,A3_B3_P1_2022-06-17_IR1_00042,2,0,core_iron,0.0157,73,0.3
P1,A3_B3_P1_2022-06-17_IR1_00042,3,1,epoxy_surface,0.0139,191,0.3
P1,A3_B3_P1_2022-06-17_IR1_00043,0,1,epoxy_surface,0.0083,163,0.3
P1,A3_B3_P1_2022-06-17_IR1_00043,1,1,epoxy_surface,0.0125,179,0.3
P1,A3_B3_P1_2022-06-17_IR1_00043,2,1,epoxy_surface,0.0102,207,0.3
P1,A3_B3_P1_2022-06-17_IR1_00044,0,1,epoxy_surface,0.0100,189,0.3
P1,A3_B3_P1_2022-06-17_IR1_00044,1,1,epoxy_surface,0.0157,267,0.3
P1,A3_B3_P1_2022-06-17_IR1_00044,2,1,epoxy_surface,0.0082,162,0.3
P1,A3_B3_P1_2022-06-17_IR1_00045,0,1,epoxy_surface,0.0132,232,0.3
P1,A3_B3_P1_2022-06-17_IR1_00045,1,1,epoxy_surface,0.0099,161,0.3
P1,A3_B3_P1_2022-06-17_IR1_00045,2,1,epoxy_surface,0.0052,103,0.3
P1,A3_B3_P1_2022-06-17_IR1_00046,0,1,epoxy_surface,0.0112,220,0.3
P1,A3_B3_P1_2022-06-17_IR1_00046,1,1,epoxy_surface,0.0172,258,0.3
P1,A3_B3_P1_2022-06-17_IR1_00046,2,1,epoxy_surface,0.0068,189,0.3
P1,A3_B3_P1_2022-06-17_IR1_00047,0,1,epoxy_surface,0.0120,192,0.3
P1,A3_B3_P1_2022-06-17_IR1_00047,1,1,epoxy_surface,0.0060,155,0.3
P1,A3_B3_P1_2022-06-17_IR1_00047,2,1,epoxy_surface,0.0193,417,0.3
P1,A3_B3_P1_2022-06-17_IR1_00048,0,1,epoxy_surface,0.0121,206,0.3
P1,A3_B3_P1_2022-06-17_IR1_00048,1,1,epoxy_surface,0.0062,151,0.3
P1,A3_B3_P1_2022-06-17_IR1_00049,0,1,epoxy_surface,0.0094,184,0.3
P1,A3_B3_P1_2022-06-17_IR1_00049,1,1,epoxy_surface,0.0085,216,0.3
P1,A3_B3_P1_2022-06-17_IR1_00049,2,1,epoxy_surface,0.0097,41,0.3
P1,A3_B3_P1_2022-06-17_IR1_00050,0,1,epoxy_surface,0.0100,209,0.3
P1,A3_B3_P1_2022-06-17_IR1_00050,1,1,epoxy_surface,0.0084,226,0.3
P1,A3_B3_P1_2022-06-17_IR1_00050,2,1,epoxy_surface,0.0047,23,0.3
P1,A3_B3_P1_2022-06-17_IR1_00051,0,1,epoxy_surface,0.0061,155,0.3
P1,A3_B3_P1_2022-06-17_IR1_00051,1,1,epoxy_surface,0.0117,205,0.3
P1,A3_B3_P1_2022-06-17_IR1_00052,0,0,core_iron,0.0046,13,0.3
P1,A3_B3_P1_2022-06-17_IR1_00052,1,1,epoxy_surface,0.0085,178,0.3
P1,A3_B3_P1_2022-06-17_IR1_00052,2,1,epoxy_surface,0.0099,217,0.3
P1,A3_B3_P1_2022-06-17_IR1_00053,0,1,epoxy_surface,0.0009,4,0.3
P1,A3_B3_P1_2022-06-17_IR1_00053,1,1,epoxy_surface,0.0121,263,0.3
P1,A3_B3_P1_2022-06-17_IR1_00053,2,1,epoxy_surface,0.0089,198,0.3
P1,A3_B3_P1_2022-06-17_IR1_00054,0,1,epoxy_surface,0.0114,147,0.3
P1,A3_B3_P1_2022-06-17_IR1_00054,1,1,epoxy_surface,0.0056,113,0.3
P1,A3_B3_P1_2022-06-17_IR1_00054,2,2,mold_tr_contact,0.0278,14,0.3
P1,A3_B3_P1_2022-06-17_IR1_00054,3,1,epoxy_surface,0.0150,158,0.3
P1,A3_B3_P1_2022-06-17_IR1_00054,5,0,core_iron,0.0149,185,0.3
P1,A3_B3_P1_2022-06-17_IR1_00055,0,0,core_iron,0.0162,150,0.3
P1,A3_B3_P1_2022-06-17_IR1_00055,1,2,mold_tr_contact,0.1215,60,0.3
P1,A3_B3_P1_2022-06-17_IR1_00055,2,1,epoxy_surface,0.0142,199,0.3
P1,A3_B3_P1_2022-06-17_IR1_00055,3,1,epoxy_surface,0.0043,84,0.3
P1,A3_B3_P1_2022-06-17_IR1_00055,4,2,mold_tr_contact,0.0238,9,0.3
P1,A3_B3_P1_2022-06-17_IR1_00056,0,2,mold_tr_contact,0.0237,74,0.3
P1,A3_B3_P1_2022-06-17_IR1_00056,1,2,mold_tr_contact,0.0213,21,0.3
P1,A3_B3_P1_2022-06-17_IR1_00056,2,1,epoxy_surface,0.0134,81,0.3
P1,A3_B3_P1_2022-06-17_IR1_00056,3,1,epoxy_surface,0.0188,115,0.3
P1,A3_B3_P1_2022-06-17_IR1_00057,0,2,mold_tr_contact,0.0055,31,0.3
P1,A3_B3_P1_2022-06-17_IR1_00057,1,2,mold_tr_contact,0.0107,38,0.3
P1,A3_B3_P1_2022-06-17_IR1_00057,2,1,epoxy_surface,0.0196,87,0.3
P1,A3_B3_P1_2022-06-17_IR1_00057,3,1,epoxy_surface,0.0340,100,0.3
P1,A3_B3_P1_2022-06-17_IR1_00057,5,0,core_iron,0.0065,86,0.3
P1,A3_B3_P1_2022-06-17_IR1_00058,0,1,epoxy_surface,0.0174,45,0.3
P1,A3_B3_P1_2022-06-17_IR1_00058,1,0,core_iron,0.0078,66,0.3
P1,A3_B3_P1_2022-06-17_IR1_00058,3,1,epoxy_surface,0.0073,35,0.3
P1,A3_B3_P1_2022-06-17_IR1_00059,0,2,mold_tr_contact,0.0204,137,0.3
P1,A3_B3_P1_2022-06-17_IR1_00059,1,2,mold_tr_contact,0.0036,19,0.3
P1,A3_B3_P1_2022-06-17_IR1_00059,2,1,epoxy_surface,0.0101,41,0.3
P1,A3_B3_P1_2022-06-17_IR1_00059,3,1,epoxy_surface,0.0176,67,0.3
P1,A3_B3_P1_2022-06-17_IR1_00059,4,2,mold_tr_contact,0.0034,19,0.3
P1,A3_B3_P1_2022-06-17_IR1_00059,5,1,epoxy_surface,0.0083,23,0.3
P1,A3_B3_P1_2022-06-17_IR1_00059,7,0,core_iron,0.0039,44,0.3
P1,A3_B3_P1_2022-06-17_IR1_00059,8,2,mold_tr_contact,0.0257,14,0.3
P1,A3_B3_P1_2022-06-17_IR1_00060,0,0,core_iron,0.0049,45,0.3
P1,A3_B3_P1_2022-06-17_IR1_00060,1,2,mold_tr_contact,0.0013,6,0.3
P1,A3_B3_P1_2022-06-17_IR1_00060,2,2,mold_tr_contact,0.0040,28,0.3
P1,A3_B3_P1_2022-06-17_IR1_00061,3,1,epoxy_surface,0.0105,155,0.3
P1,A3_B3_P1_2022-06-17_IR1_00062,0,1,epoxy_surface,0.0112,61,0.3
P1,A3_B3_P1_2022-06-17_IR1_00062,3,1,epoxy_surface,0.0047,26,0.3
P1,A3_B3_P1_2022-06-17_IR1_00062,6,0,core_iron,0.0004,2,0.3
P1,A3_B3_P1_2022-06-17_IR1_00063,0,2,mold_tr_contact,0.0053,2,0.3
P1,A3_B3_P1_2022-06-17_IR1_00063,5,0,core_iron,0.0314,156,0.3
P1,A3_B3_P1_2022-06-17_IR1_00063,6,2,mold_tr_contact,0.0179,6,0.3
P1,A3_B3_P1_2022-06-17_IR1_00064,0,1,epoxy_surface,0.0200,111,0.3
P1,A3_B3_P1_2022-06-17_IR1_00064,1,1,epoxy_surface,0.0232,95,0.3
P1,A3_B3_P1_2022-06-17_IR1_00064,2,0,core_iron,0.0046,61,0.3
P1,A3_B3_P1_2022-06-17_IR1_00064,3,2,mold_tr_contact,0.0139,47,0.3
P1,A3_B3_P1_2022-06-17_IR1_00064,4,2,mold_tr_contact,0.0212,21,0.3
P1,A3_B3_P1_2022-06-17_IR1_00064,5,1,epoxy_surface,0.0091,53,0.3
P1,A3_B3_P1_2022-06-17_IR1_00064,6,2,mold_tr_contact,0.0086,23,0.3
P1,A3_B3_P1_2022-06-17_IR1_00065,0,1,epoxy_surface,0.0174,218,0.3
P1,A3_B3_P1_2022-06-17_IR1_00065,1,1,epoxy_surface,0.0088,196,0.3
P1,A3_B3_P1_2022-06-17_IR1_00065,2,1,epoxy_surface,0.0092,169,0.3
P1,A3_B3_P1_2022-06-17_IR1_00066,0,0,core_iron,0.0046,13,0.3
P1,A3_B3_P1_2022-06-17_IR1_00066,2,1,epoxy_surface,0.0097,209,0.3
P1,A3_B3_P1_2022-06-17_IR1_00066,3,1,epoxy_surface,0.0057,107,0.3
P1,A3_B3_P1_2022-06-17_IR1_00067,0,1,epoxy_surface,0.0094,192,0.3
P1,A3_B3_P1_2022-06-17_IR1_00067,1,1,epoxy_surface,0.0041,88,0.3
P1,A3_B3_P1_2022-06-17_IR1_00067,2,1,epoxy_surface,0.0208,178,0.3
P1,A3_B3_P1_2022-06-17_IR1_00068,0,2,mold_tr_contact,0.0011,2,0.3
P1,A3_B3_P1_2022-06-17_IR1_00068,1,0,core_iron,0.0069,72,0.3
P1,A3_B3_P1_2022-06-17_IR1_00068,2,1,epoxy_surface,0.0143,87,0.3
P1,A3_B3_P1_2022-06-17_IR1_00068,3,1,epoxy_surface,0.0202,99,0.3
P1,A3_B3_P1_2022-06-17_IR1_00068,4,1,epoxy_surface,0.0090,41,0.3
P1,A3_B3_P1_2022-06-17_IR1_00068,5,2,mold_tr_contact,0.0100,26,0.3
P1,A3_B3_P1_2022-06-17_IR1_00069,0,1,epoxy_surface,0.0110,182,0.3
P1,A3_B3_P1_2022-06-17_IR1_00069,1,0,core_iron,0.0240,222,0.3
P1,A3_B3_P1_2022-06-17_IR1_00069,2,1,epoxy_surface,0.0123,196,0.3
P1,A3_B3_P1_2022-06-17_IR1_00069,3,1,epoxy_surface,0.0031,53,0.3
P1,A3_B3_P1_2022-06-17_IR1_00070,0,0,core_iron,0.0080,34,0.3
P1,A3_B3_P1_2022-06-17_IR1_00070,1,1,epoxy_surface,0.0093,167,0.3
P1,A3_B3_P1_2022-06-17_IR1_00070,2,1,epoxy_surface,0.0032,50,0.3
P1,A3_B3_P1_2022-06-17_IR1_00070,3,1,epoxy_surface,0.0144,171,0.3
P1,A3_B3_P1_2022-06-17_IR1_00071,0,1,epoxy_surface,0.0106,129,0.3
P1,A3_B3_P1_2022-06-17_IR1_00071,1,1,epoxy_surface,0.0124,190,0.3
P1,A3_B3_P1_2022-06-17_IR1_00071,2,0,core_iron,0.0212,246,0.3
P1,A3_B3_P1_2022-06-17_IR1_00071,3,1,epoxy_surface,0.0035,51,0.3
P1,A3_B3_P1_2022-06-17_IR1_00072,0,1,epoxy_surface,0.0071,75,0.3
P1,A3_B3_P1_2022-06-17_IR1_00072,1,1,epoxy_surface,0.0164,195,0.3
P1,A3_B3_P1_2022-06-17_IR1_00072,2,0,core_iron,0.0037,28,0.3
P1,A3_B3_P1_2022-06-17_IR1_00072,3,2,mold_tr_contact,0.0248,16,0.3
P1,A3_B3_P1_2022-06-17_IR1_00072,4,1,epoxy_surface,0.0107,112,0.3
P1,A3_B3_P1_2022-06-17_IR1_00073,0,1,epoxy_surface,0.0101,112,0.3
P1,A3_B3_P1_2022-06-17_IR1_00073,1,2,mold_tr_contact,0.0025,2,0.3
P1,A3_B3_P1_2022-06-17_IR1_00073,3,1,epoxy_surface,0.0188,114,0.3
P1,A3_B3_P1_2022-06-17_IR1_00073,4,2,mold_tr_contact,0.0129,19,0.3
P1,A3_B3_P1_2022-06-17_IR1_00073,5,0,core_iron,0.0067,112,0.3
P1,A3_B3_P1_2022-06-17_IR1_00073,6,1,epoxy_surface,0.0088,75,0.3
P1,A3_B3_P1_2022-06-17_IR1_00074,0,1,epoxy_surface,0.0092,104,0.3
P1,A3_B3_P1_2022-06-17_IR1_00074,1,1,epoxy_surface,0.0167,124,0.3
P1,A3_B3_P1_2022-06-17_IR1_00074,2,2,mold_tr_contact,0.0731,82,0.3
P1,A3_B3_P1_2022-06-17_IR1_00074,3,2,mold_tr_contact,0.0136,15,0.3
P1,A3_B3_P1_2022-06-17_IR1_00074,4,0,core_iron,0.0052,37,0.3
P1,A3_B3_P1_2022-06-17_IR1_00074,5,2,mold_tr_contact,0.0137,17,0.3
P1,A3_B3_P1_2022-06-17_IR1_00075,0,1,epoxy_surface,0.0072,103,0.3
P1,A3_B3_P1_2022-06-17_IR1_00075,1,0,core_iron,0.0038,41,0.3
P1,A3_B3_P1_2022-06-17_IR1_00075,2,2,mold_tr_contact,0.0049,2,0.3
P1,A3_B3_P1_2022-06-17_IR1_00075,3,2,mold_tr_contact,0.0053,4,0.3
P1,A3_B3_P1_2022-06-17_IR1_00075,4,1,epoxy_surface,0.0159,138,0.3
P1,A3_B3_P1_2022-06-17_IR1_00075,5,2,mold_tr_contact,0.0221,19,0.3
P1,A3_B3_P1_2022-06-17_IR1_00076,0,1,epoxy_surface,0.0146,277,0.3
P1,A3_B3_P1_2022-06-17_IR1_00076,1,1,epoxy_surface,0.0072,149,0.3
P1,A3_B3_P1_2022-06-17_IR1_00076,2,0,core_iron,0.0042,23,0.3
P1,A3_B3_P1_2022-06-17_IR1_00077,0,1,epoxy_surface,0.0068,145,0.3
P1,A3_B3_P1_2022-06-17_IR1_00077,1,1,epoxy_surface,0.0164,400,0.3
P1,A3_B3_P1_2022-06-17_IR1_00078,0,1,epoxy_surface,0.0155,287,0.3
P1,A3_B3_P1_2022-06-17_IR1_00078,1,0,core_iron,0.0156,73,0.3
P1,A3_B3_P1_2022-06-17_IR1_00078,2,1,epoxy_surface,0.0045,102,0.3
P1,A3_B3_P1_2022-06-17_IR1_00079,0,0,core_iron,0.0184,89,0.3
P1,A3_B3_P1_2022-06-17_IR1_00079,1,1,epoxy_surface,0.0065,153,0.3
P1,A3_B3_P1_2022-06-17_IR1_00079,2,1,epoxy_surface,0.0133,245,0.3
P1,A3_B3_P1_2022-06-17_IR1_00080,0,1,epoxy_surface,0.0099,320,0.3
P1,A3_B3_P1_2022-06-17_IR1_00080,1,0,core_iron,0.0184,81,0.3
P1,A3_B3_P1_2022-06-17_IR1_00081,0,1,epoxy_surface,0.0074,168,0.3
P1,A3_B3_P1_2022-06-17_IR1_00081,1,1,epoxy_surface,0.0100,198,0.3
P1,A3_B3_P1_2022-06-17_IR1_00081,2,1,epoxy_surface,0.0152,268,0.3
P1,A3_B3_P1_2022-06-17_IR1_00082,0,1,epoxy_surface,0.0125,409,0.3
P1,A3_B3_P1_2022-06-17_IR1_00082,1,0,core_iron,0.0186,89,0.3
P1,A3_B3_P1_2022-06-17_IR1_00082,2,1,epoxy_surface,0.0100,231,0.3
P1,A3_B3_P1_2022-06-17_IR1_00083,0,1,epoxy_surface,0.0058,177,0.3
P1,A3_B3_P1_2022-06-17_IR1_00083,1,0,core_iron,0.0043,13,0.3
P1,A3_B3_P1_2022-06-17_IR1_00083,2,0,core_iron,0.0073,41,0.3
P1,A3_B3_P1_2022-06-17_IR1_00083,3,1,epoxy_surface,0.0090,187,0.3
P1,A3_B3_P1_2022-06-17_IR1_00084,0,1,epoxy_surface,0.0078,253,0.3
P1,A3_B3_P1_2022-06-17_IR1_00084,1,0,core_iron,0.0179,108,0.3
P1,A3_B3_P1_2022-06-17_IR1_00084,2,1,epoxy_surface,0.0123,194,0.3
P1,A3_B3_P1_2022-06-17_IR1_00085,0,2,mold_tr_contact,0.0018,3,0.3
P1,A3_B3_P1_2022-06-17_IR1_00085,1,2,mold_tr_contact,0.0104,16,0.3
P1,A3_B3_P1_2022-06-17_IR1_00085,2,1,epoxy_surface,0.0125,107,0.3
P1,A3_B3_P1_2022-06-17_IR1_00085,3,1,epoxy_surface,0.0191,86,0.3
P1,A3_B3_P1_2022-06-17_IR1_00085,4,0,core_iron,0.0070,100,0.3
P1,A3_B3_P1_2022-06-17_IR1_00085,5,1,epoxy_surface,0.0096,52,0.3
P1,A3_B3_P1_2022-06-17_IR1_00085,6,2,mold_tr_contact,0.0210,43,0.3
P1,A3_B3_P1_2022-06-17_IR1_00085,7,2,mold_tr_contact,0.0007,1,0.3
P1,A3_B3_P1_2022-06-17_IR1_00086,0,1,epoxy_surface,0.0185,46,0.3
P1,A3_B3_P1_2022-06-17_IR1_00086,1,2,mold_tr_contact,0.0128,31,0.3
P1,A3_B3_P1_2022-06-17_IR1_00086,2,0,core_iron,0.0069,92,0.3
P1,A3_B3_P1_2022-06-17_IR1_00086,3,2,mold_tr_contact,0.0109,10,0.3
P1,A3_B3_P1_2022-06-17_IR1_00086,4,2,mold_tr_contact,0.0038,9,0.3
P1,A3_B3_P1_2022-06-17_IR1_00086,5,1,epoxy_surface,0.0164,52,0.3
P1,A3_B3_P1_2022-06-17_IR1_00086,6,1,epoxy_surface,0.0117,100,0.3
P1,A3_B3_P1_2022-06-17_IR1_00087,0,1,epoxy_surface,0.0140,142,0.3
P1,A3_B3_P1_2022-06-17_IR1_00087,1,10,silencer_power_fuse,0.0042,6,0.3
P1,A3_B3_P1_2022-06-17_IR1_00087,2,1,epoxy_surface,0.0091,183,0.3
P1,A3_B3_P1_2022-06-17_IR1_00087,3,1,epoxy_surface,0.0061,122,0.3
P1,A3_B3_P1_2022-06-17_IR1_00088,0,1,epoxy_surface,0.0076,173,0.3
P1,A3_B3_P1_2022-06-17_IR1_00088,1,1,epoxy_surface,0.0097,195,0.3
P1,A3_B3_P1_2022-06-17_IR1_00089,0,0,core_iron,0.0050,13,0.3
P1,A3_B3_P1_2022-06-17_IR1_00089,1,1,epoxy_surface,0.0084,177,0.3
P1,A3_B3_P1_2022-06-17_IR1_00089,2,1,epoxy_surface,0.0099,230,0.3
P1,A3_B3_P1_2022-06-17_IR1_00090,0,1,epoxy_surface,0.0091,250,0.3
P1,A3_B3_P1_2022-06-17_IR1_00090,1,1,epoxy_surface,0.0093,234,0.3
P1,A3_B3_P1_2022-06-17_IR1_00091,0,1,epoxy_surface,0.0095,169,0.3
P1,A3_B3_P1_2022-06-17_IR1_00091,1,1,epoxy_surface,0.0206,461,0.3
P1,A3_B3_P1_2022-06-17_IR1_00091,2,1,epoxy_surface,0.0074,142,0.3
P1,A3_B3_P1_2022-06-17_IR1_00092,0,1,epoxy_surface,0.0063,146,0.3
P1,A3_B3_P1_2022-06-17_IR1_00092,2,1,epoxy_surface,0.0109,190,0.3
P1,A3_B3_P1_2022-06-17_IR1_00093,0,1,epoxy_surface,0.0090,177,0.3
P1,A3_B3_P1_2022-06-17_IR1_00093,1,1,epoxy_surface,0.0064,102,0.3
P1,A3_B3_P1_2022-06-17_IR1_00093,2,0,core_iron,0.0146,142,0.3
P1,A3_B3_P1_2022-06-17_IR1_00094,0,1,epoxy_surface,0.0086,137,0.3
P1,A3_B3_P1_2022-06-17_IR1_00094,1,2,mold_tr_contact,0.0051,2,0.3
P1,A3_B3_P1_2022-06-17_IR1_00094,2,2,mold_tr_contact,0.0141,13,0.3
P1,A3_B3_P1_2022-06-17_IR1_00094,3,0,core_iron,0.0041,49,0.3
P1,A3_B3_P1_2022-06-17_IR1_00094,5,1,epoxy_surface,0.0073,116,0.3
P1,A3_B3_P1_2022-06-17_IR1_00095,0,1,epoxy_surface,0.0086,142,0.3
P1,A3_B3_P1_2022-06-17_IR1_00095,1,0,core_iron,0.0182,92,0.3
P1,A3_B3_P1_2022-06-17_IR1_00095,2,1,epoxy_surface,0.0060,107,0.3
P1,A3_B3_P1_2022-06-17_IR1_00096,0,1,epoxy_surface,0.0093,222,0.3
P1,A3_B3_P1_2022-06-17_IR1_00096,1,1,epoxy_surface,0.0090,178,0.3
P1,A3_B3_P1_2022-06-17_IR1_00097,0,0,core_iron,0.0070,74,0.3
P1,A3_B3_P1_2022-06-17_IR1_00097,1,1,epoxy_surface,0.0190,248,0.3
P1,A3_B3_P1_2022-06-17_IR1_00097,2,1,epoxy_surface,0.0050,61,0.3
P1,A3_B3_P1_2022-06-17_IR1_00097,3,1,epoxy_surface,0.0116,114,0.3
P1,A3_B3_P1_2022-06-17_IR1_00098,0,0,core_iron,0.0260,188,0.3
P1,A3_B3_P1_2022-06-17_IR1_00098,1,1,epoxy_surface,0.0120,287,0.3
P1,A3_B3_P1_2022-06-17_IR1_00098,2,1,epoxy_surface,0.0026,48,0.3
P1,A3_B3_P1_2022-06-17_IR1_00099,0,0,core_iron,0.0240,195,0.3
P1,A3_B3_P1_2022-06-17_IR1_00099,1,1,epoxy_surface,0.0086,143,0.3
P1,A3_B3_P1_2022-06-17_IR1_00099,2,1,epoxy_surface,0.0095,161,0.3
P1,A3_B3_P1_2022-06-17_IR1_00099,3,1,epoxy_surface,0.0129,204,0.3
P1,A3_B3_P1_2022-06-17_IR1_00100,0,1,epoxy_surface,0.0162,155,0.3
P1,A3_B3_P1_2022-06-17_IR1_00100,1,0,core_iron,0.0059,94,0.3
P1,A3_B3_P1_2022-06-17_IR1_00100,2,2,mold_tr_contact,0.0072,3,0.3
P1,A3_B3_P1_2022-06-17_IR1_00100,3,2,mold_tr_contact,0.0358,22,0.3
P1,A3_B3_P1_2022-06-17_IR1_00100,4,1,epoxy_surface,0.0108,125,0.3
P1,A3_B3_P1_2022-06-17_IR1_00100,5,1,epoxy_surface,0.0083,92,0.3
P1,A3_B3_P1_2022-06-17_IR1_00100,6,2,mold_tr_contact,0.0179,16,0.3
P1,A3_B3_P1_2022-06-17_IR1_00101,0,2,mold_tr_contact,0.0127,17,0.3
P1,A3_B3_P1_2022-06-17_IR1_00101,1,1,epoxy_surface,0.0085,55,0.3
P1,A3_B3_P1_2022-06-17_IR1_00101,2,1,epoxy_surface,0.0235,80,0.3
P1,A3_B3_P1_2022-06-17_IR1_00101,3,1,epoxy_surface,0.0154,116,0.3
P1,A3_B3_P1_2022-06-17_IR1_00101,4,0,core_iron,0.0068,122,0.3
P1,A3_B3_P1_2022-06-17_IR1_00101,7,2,mold_tr_contact,0.0013,2,0.3
P1,A3_B3_P1_2022-06-17_IR1_00102,0,1,epoxy_surface,0.0085,86,0.3
P1,A3_B3_P1_2022-06-17_IR1_00102,1,2,mold_tr_contact,0.0147,21,0.3
P1,A3_B3_P1_2022-06-17_IR1_00102,2,2,mold_tr_contact,0.0227,41,0.3
P1,A3_B3_P1_2022-06-17_IR1_00102,3,2,mold_tr_contact,0.0009,1,0.3
P1,A3_B3_P1_2022-06-17_IR1_00102,4,0,core_iron,0.0036,62,0.3
P1,A3_B3_P1_2022-06-17_IR1_00102,6,1,epoxy_surface,0.0272,101,0.3
P1,A3_B3_P1_2022-06-17_IR1_00102,7,1,epoxy_surface,0.0115,58,0.3
P1,A3_B4_P1_2022-06-17_IR1_00001,0,1,epoxy_surface,0.0104,96,0.3
P1,A3_B4_P1_2022-06-17_IR1_00001,1,1,epoxy_surface,0.0064,86,0.3
P1,A3_B4_P1_2022-06-17_IR1_00001,2,2,mold_tr_contact,0.0293,15,0.3
P1,A3_B4_P1_2022-06-17_IR1_00001,3,1,epoxy_surface,0.0103,104,0.3
P1,A3_B4_P1_2022-06-17_IR1_00001,5,2,mold_tr_contact,0.0277,16,0.3
P1,A3_B4_P1_2022-06-17_IR1_00001,6,2,mold_tr_contact,0.0125,7,0.3
P1,A3_B4_P1_2022-06-17_IR1_00001,7,2,mold_tr_contact,0.0303,17,0.3
P1,A3_B4_P1_2022-06-17_IR1_00003,0,1,epoxy_surface,0.0041,83,0.3
P1,A3_B4_P1_2022-06-17_IR1_00003,1,1,epoxy_surface,0.0121,210,0.3
P1,A3_B4_P1_2022-06-17_IR1_00003,2,1,epoxy_surface,0.0116,175,0.3
P1,A3_B4_P1_2022-06-17_IR1_00006,0,1,epoxy_surface,0.0102,207,0.3
P1,A3_B4_P1_2022-06-17_IR1_00006,1,1,epoxy_surface,0.0154,254,0.3
P1,A3_B4_P1_2022-06-17_IR1_00006,2,1,epoxy_surface,0.0072,167,0.3
P1,A3_B4_P1_2022-06-17_IR1_00008,1,1,epoxy_surface,0.0102,25,0.3
P1,A3_B4_P1_2022-06-17_IR1_00008,2,2,mold_tr_contact,0.0052,7,0.3
P1,A3_B4_P1_2022-06-17_IR1_00008,3,2,mold_tr_contact,0.0097,25,0.3
P1,A3_B4_P1_2022-06-17_IR1_00008,4,1,epoxy_surface,0.0186,104,0.3
P1,A3_B4_P1_2022-06-17_IR1_00009,1,2,mold_tr_contact,0.0074,33,0.3
P1,A3_B4_P1_2022-06-17_IR1_00013,3,2,mold_tr_contact,0.0262,107,0.3
P1,A3_B4_P1_2022-06-17_IR1_00014,0,2,mold_tr_contact,0.0130,58,0.3
P1,A3_B4_P1_2022-06-17_IR1_00014,1,2,mold_tr_contact,0.0071,28,0.3
P1,A3_B4_P1_2022-06-17_IR1_00014,3,2,mold_tr_contact,0.0055,20,0.3
P1,A3_B4_P1_2022-06-17_IR1_00015,2,2,mold_tr_contact,0.0197,90,0.3
P1,A3_B4_P1_2022-06-17_IR1_00018,0,2,mold_tr_contact,0.0181,24,0.3
P1,A3_B4_P1_2022-06-17_IR1_00018,1,1,epoxy_surface,0.0143,49,0.3
P1,A3_B4_P1_2022-06-17_IR1_00018,2,2,mold_tr_contact,0.0111,19,0.3
P1,A3_B4_P1_2022-06-17_IR1_00018,3,2,mold_tr_contact,0.0100,19,0.3
P1,A3_B4_P1_2022-06-17_IR1_00018,4,1,epoxy_surface,0.0137,127,0.3
P1,A3_B4_P1_2022-06-17_IR1_00020,3,1,epoxy_surface,0.0039,9,0.3
P1,A3_B4_P1_2022-06-17_IR1_00021,0,1,epoxy_surface,0.0020,19,0.3
P1,A3_B4_P1_2022-06-17_IR1_00021,3,0,core_iron,0.0128,60,0.3
P1,A3_B4_P1_2022-06-17_IR1_00022,0,0,core_iron,0.0183,194,0.3
P1,A3_B4_P1_2022-06-17_IR1_00022,1,2,mold_tr_contact,0.0052,23,0.3
P1,A3_B4_P1_2022-06-17_IR1_00023,0,0,core_iron,0.0210,187,0.3
P1,A3_B4_P1_2022-06-17_IR1_00023,2,2,mold_tr_contact,0.0060,21,0.3
P1,A3_B4_P1_2022-06-17_IR1_00024,0,0,core_iron,0.0223,262,0.3
P1,A3_B4_P1_2022-06-17_IR1_00024,1,2,mold_tr_contact,0.0055,36,0.3
P1,A3_B4_P1_2022-06-17_IR1_00024,2,0,core_iron,0.0157,140,0.3
P1,A3_B4_P1_2022-06-17_IR1_00025,0,2,mold_tr_contact,0.0070,38,0.3
P1,A3_B4_P1_2022-06-17_IR1_00025,1,0,core_iron,0.0259,226,0.3
P1,A3_B4_P1_2022-06-17_IR1_00026,0,2,mold_tr_contact,0.0063,46,0.3
P1,A3_B4_P1_2022-06-17_IR1_00026,2,0,core_iron,0.0074,36,0.3
P1,A3_B4_P1_2022-06-17_IR1_00027,0,0,core_iron,0.0074,48,0.3
P1,A3_B4_P1_2022-06-17_IR1_00027,1,2,mold_tr_contact,0.0085,68,0.3
P1,A3_B4_P1_2022-06-17_IR1_00028,0,0,core_iron,0.0151,223,0.3
P1,A3_B4_P1_2022-06-17_IR1_00028,1,2,mold_tr_contact,0.0226,200,0.3
P1,A3_B4_P1_2022-06-17_IR1_00028,2,2,mold_tr_contact,0.0044,35,0.3
P1,A3_B4_P1_2022-06-17_IR1_00029,0,2,mold_tr_contact,0.0060,55,0.3
P1,A3_B4_P1_2022-06-17_IR1_00029,1,2,mold_tr_contact,0.0097,95,0.3
P1,A3_B4_P1_2022-06-17_IR1_00029,3,0,core_iron,0.0202,213,0.3
P1,A3_B4_P1_2022-06-17_IR1_00030,0,0,core_iron,0.0235,229,0.3
P1,A3_B4_P1_2022-06-17_IR1_00030,2,2,mold_tr_contact,0.0042,32,0.3
P1,A3_B4_P1_2022-06-17_IR1_00031,2,0,core_iron,0.0186,212,0.3
P1,A3_B4_P1_2022-06-17_IR1_00032,1,2,mold_tr_contact,0.0133,107,0.3
P1,A3_B4_P1_2022-06-17_IR1_00032,2,0,core_iron,0.0195,247,0.3
P1,A3_B4_P1_2022-06-17_IR1_00033,0,2,mold_tr_contact,0.0048,24,0.3
P1,A3_B4_P1_2022-06-17_IR1_00033,1,0,core_iron,0.0178,227,0.3
P1,A3_B4_P1_2022-06-17_IR1_00034,0,0,core_iron,0.0233,219,0.3
P1,A3_B4_P1_2022-06-17_IR1_00034,3,2,mold_tr_contact,0.0325,142,0.3
P1,A3_B4_P1_2022-06-17_IR1_00035,1,2,mold_tr_contact,0.0070,47,0.3
P1,A3_B4_P1_2022-06-17_IR1_00035,2,2,mold_tr_contact,0.0016,7,0.3
P1,A3_B4_P1_2022-06-17_IR1_00035,3,0,core_iron,0.0167,207,0.3
P1,A3_B4_P1_2022-06-17_IR1_00036,0,2,mold_tr_contact,0.0037,30,0.3
P1,A3_B4_P1_2022-06-17_IR1_00036,1,0,core_iron,0.0177,247,0.3
P1,A3_B4_P1_2022-06-17_IR1_00036,2,2,mold_tr_contact,0.0221,151,0.3
P1,A3_B4_P1_2022-06-17_IR1_00037,0,2,mold_tr_contact,0.0224,167,0.3
P1,A3_B4_P1_2022-06-17_IR1_00037,1,0,core_iron,0.0143,158,0.3
P1,A3_B4_P1_2022-06-17_IR1_00037,3,2,mold_tr_contact,0.0026,21,0.3
P1,A3_B4_P1_2022-06-17_IR1_00038,0,0,core_iron,0.0212,219,0.3
P1,A3_B4_P1_2022-06-17_IR1_00038,1,2,mold_tr_contact,0.0172,167,0.3
P1,A3_B4_P1_2022-06-17_IR1_00038,2,2,mold_tr_contact,0.0032,30,0.3
P1,A3_B4_P1_2022-06-17_IR1_00039,0,2,mold_tr_contact,0.0026,17,0.3
P1,A3_B4_P1_2022-06-17_IR1_00039,1,0,core_iron,0.0103,96,0.3
P1,A3_B4_P1_2022-06-17_IR1_00039,2,2,mold_tr_contact,0.0202,200,0.3
P1,A3_B4_P1_2022-06-17_IR1_00039,3,2,mold_tr_contact,0.0044,35,0.3
P1,A3_B4_P1_2022-06-17_IR1_00040,0,2,mold_tr_contact,0.0051,38,0.3
P1,A3_B4_P1_2022-06-17_IR1_00040,1,0,core_iron,0.0178,160,0.3
P1,A3_B4_P1_2022-06-17_IR1_00040,2,2,mold_tr_contact,0.0180,111,0.3
P1,A3_B4_P1_2022-06-17_IR1_00041,0,2,mold_tr_contact,0.0145,134,0.3
P1,A3_B4_P1_2022-06-17_IR1_00041,1,0,core_iron,0.0167,97,0.3
P1,A3_B4_P1_2022-06-17_IR1_00041,2,2,mold_tr_contact,0.0108,86,0.3
P1,A3_B4_P1_2022-06-17_IR1_00042,0,2,mold_tr_contact,0.0034,17,0.3
P1,A3_B4_P1_2022-06-17_IR1_00042,1,2,mold_tr_contact,0.0056,38,0.3
P1,A3_B4_P1_2022-06-17_IR1_00042,2,0,core_iron,0.0142,133,0.3
P1,A3_B4_P1_2022-06-17_IR1_00043,0,2,mold_tr_contact,0.0046,16,0.3
P1,A3_B4_P1_2022-06-17_IR1_00043,1,2,mold_tr_contact,0.0062,31,0.3
P1,A3_B4_P1_2022-06-17_IR1_00043,2,0,core_iron,0.0120,139,0.3
P1,A3_B4_P1_2022-06-17_IR1_00044,0,0,core_iron,0.0132,202,0.3
P1,A3_B4_P1_2022-06-17_IR1_00044,1,2,mold_tr_contact,0.0206,94,0.3
P1,A3_B4_P1_2022-06-17_IR1_00044,2,2,mold_tr_contact,0.0005,2,0.3
P1,A3_B4_P1_2022-06-17_IR1_00044,3,2,mold_tr_contact,0.0029,16,0.3
P1,A3_B4_P1_2022-06-17_IR1_00045,0,2,mold_tr_contact,0.0246,126,0.3
P1,A3_B4_P1_2022-06-17_IR1_00045,1,0,core_iron,0.0241,251,0.3
P1,A3_B4_P1_2022-06-17_IR1_00045,3,2,mold_tr_contact,0.0004,2,0.3
P1,A3_B4_P1_2022-06-17_IR1_00046,0,2,mold_tr_contact,0.0238,29,0.3
P1,A3_B4_P1_2022-06-17_IR1_00046,1,2,mold_tr_contact,0.0044,6,0.3
P1,A3_B4_P1_2022-06-17_IR1_00046,2,0,core_iron,0.0039,36,0.3
P1,A3_B4_P1_2022-06-17_IR1_00046,3,1,epoxy_surface,0.0190,177,0.3
P1,A3_B4_P1_2022-06-17_IR1_00046,4,2,mold_tr_contact,0.0016,2,0.3
P1,A3_B4_P1_2022-06-17_IR1_00046,5,1,epoxy_surface,0.0093,52,0.3
P1,A3_B4_P1_2022-06-17_IR1_00047,0,1,epoxy_surface,0.0102,217,0.3
P1,A3_B4_P1_2022-06-17_IR1_00047,1,1,epoxy_surface,0.0081,164,0.3
P1,A3_B4_P1_2022-06-17_IR1_00047,2,0,core_iron,0.0054,13,0.3
P1,A3_B4_P1_2022-06-17_IR1_00047,3,1,epoxy_surface,0.0050,20,0.3
P1,A3_B4_P1_2022-06-17_IR1_00048,0,1,epoxy_surface,0.0065,145,0.3
P1,A3_B4_P1_2022-06-17_IR1_00048,1,1,epoxy_surface,0.0102,192,0.3
P1,A3_B4_P1_2022-06-17_IR1_00049,0,1,epoxy_surface,0.0158,350,0.3
P1,A3_B4_P1_2022-06-17_IR1_00049,1,1,epoxy_surface,0.0042,91,0.3
P1,A3_B4_P1_2022-06-17_IR1_00049,2,1,epoxy_surface,0.0113,203,0.3
P1,A3_B4_P1_2022-06-17_IR1_00050,0,1,epoxy_surface,0.0164,338,0.3
P1,A3_B4_P1_2022-06-17_IR1_00050,1,1,epoxy_surface,0.0048,96,0.3
P1,A3_B4_P1_2022-06-17_IR1_00050,2,1,epoxy_surface,0.0107,205,0.3
P1,A3_B4_P1_2022-06-17_IR1_00051,0,1,epoxy_surface,0.0053,111,0.3
P1,A3_B4_P1_2022-06-17_IR1_00051,1,1,epoxy_surface,0.0093,185,0.3
P1,A3_B4_P1_2022-06-17_IR1_00051,2,1,epoxy_surface,0.0165,277,0.3
P1,A3_B4_P1_2022-06-17_IR1_00052,0,1,epoxy_surface,0.0129,174,0.3
P1,A3_B4_P1_2022-06-17_IR1_00052,1,1,epoxy_surface,0.0084,136,0.3
P1,A3_B4_P1_2022-06-17_IR1_00052,2,1,epoxy_surface,0.0098,178,0.3
P1,A3_B4_P1_2022-06-17_IR1_00053,0,1,epoxy_surface,0.0072,161,0.3
P1,A3_B4_P1_2022-06-17_IR1_00053,1,1,epoxy_surface,0.0153,308,0.3
P1,A3_B4_P1_2022-06-17_IR1_00054,0,1,epoxy_surface,0.0074,168,0.3
P1,A3_B4_P1_2022-06-17_IR1_00054,1,1,epoxy_surface,0.0157,273,0.3
P1,A3_B4_P1_2022-06-17_IR1_00054,2,0,core_iron,0.0050,23,0.3
P1,A3_B4_P1_2022-06-17_IR1_00055,0,1,epoxy_surface,0.0043,88,0.3
P1,A3_B4_P1_2022-06-17_IR1_00055,1,0,core_iron,0.0133,53,0.3
P1,A3_B4_P1_2022-06-17_IR1_00055,2,1,epoxy_surface,0.0143,370,0.3
P1,A3_B4_P1_2022-06-17_IR1_00056,0,1,epoxy_surface,0.0157,142,0.3
P1,A3_B4_P1_2022-06-17_IR1_00056,1,1,epoxy_surface,0.0095,126,0.3
P1,A3_B4_P1_2022-06-17_IR1_00056,2,1,epoxy_surface,0.0072,112,0.3
P1,A3_B4_P1_2022-06-17_IR1_00056,3,0,core_iron,0.0041,27,0.3
P1,A3_B4_P1_2022-06-17_IR1_00056,4,2,mold_tr_contact,0.0250,15,0.3
P1,A3_B4_P1_2022-06-17_IR1_00056,5,2,mold_tr_contact,0.0248,16,0.3
P1,A3_B4_P1_2022-06-17_IR1_00057,0,2,mold_tr_contact,0.0060,6,0.3
P1,A3_B4_P1_2022-06-17_IR1_00057,1,0,core_iron,0.0056,77,0.3
P1,A3_B4_P1_2022-06-17_IR1_00057,2,2,mold_tr_contact,0.0121,8,0.3
P1,A3_B4_P1_2022-06-17_IR1_00057,3,2,mold_tr_contact,0.0547,47,0.3
P1,A3_B4_P1_2022-06-17_IR1_00057,4,1,epoxy_surface,0.0069,87,0.3
P1,A3_B4_P1_2022-06-17_IR1_00057,5,1,epoxy_surface,0.0104,99,0.3
P1,A3_B4_P1_2022-06-17_IR1_00057,6,1,epoxy_surface,0.0163,156,0.3
P1,A3_B4_P1_2022-06-17_IR1_00057,7,2,mold_tr_contact,0.0623,36,0.3
P1,A3_B4_P1_2022-06-17_IR1_00058,0,2,mold_tr_contact,0.0569,41,0.3
P1,A3_B4_P1_2022-06-17_IR1_00058,1,1,epoxy_surface,0.0058,90,0.3
P1,A3_B4_P1_2022-06-17_IR1_00058,2,1,epoxy_surface,0.0233,70,0.3
P1,A3_B4_P1_2022-06-17_IR1_00058,3,1,epoxy_surface,0.0116,126,0.3
P1,A3_B4_P1_2022-06-17_IR1_00058,4,2,mold_tr_contact,0.0185,13,0.3
P1,A3_B4_P1_2022-06-17_IR1_00058,5,0,core_iron,0.0061,91,0.3
P1,A3_B4_P1_2022-06-17_IR1_00059,0,1,epoxy_surface,0.0095,137,0.3
P1,A3_B4_P1_2022-06-17_IR1_00059,1,1,epoxy_surface,0.0116,162,0.3
P1,A3_B4_P1_2022-06-17_IR1_00059,2,0,core_iron,0.0032,43,0.3
P1,A3_B4_P1_2022-06-17_IR1_00060,0,0,core_iron,0.0261,204,0.3
P1,A3_B4_P1_2022-06-17_IR1_00060,1,1,epoxy_surface,0.0079,154,0.3
P1,A3_B4_P1_2022-06-17_IR1_00060,2,1,epoxy_surface,0.0043,85,0.3
P1,A3_B4_P1_2022-06-17_IR1_00061,0,1,epoxy_surface,0.0058,131,0.3
P1,A3_B4_P1_2022-06-17_IR1_00061,1,1,epoxy_surface,0.0100,186,0.3
P1,A3_B4_P1_2022-06-17_IR1_00061,2,1,epoxy_surface,0.0145,183,0.3
P1,A3_B4_P1_2022-06-17_IR1_00062,0,1,epoxy_surface,0.0055,89,0.3
P1,A3_B4_P1_2022-06-17_IR1_00062,1,1,epoxy_surface,0.0098,159,0.3
P1,A3_B4_P1_2022-06-17_IR1_00062,2,0,core_iron,0.0254,120,0.3
P1,A3_B4_P1_2022-06-17_IR1_00062,3,1,epoxy_surface,0.0172,243,0.3
P1,A3_B4_P1_2022-06-17_IR1_00063,2,1,epoxy_surface,0.0025,13,0.3
P1,A3_B4_P1_2022-06-17_IR1_00063,3,1,epoxy_surface,0.0116,76,0.3
P1,A3_B4_P1_2022-06-17_IR1_00063,4,1,epoxy_surface,0.0118,75,0.3
P1,A3_B4_P1_2022-06-17_IR1_00063,7,0,core_iron,0.0042,33,0.3
P1,A3_B4_P1_2022-06-17_IR1_00064,0,1,epoxy_surface,0.0018,22,0.3
P1,A3_B4_P1_2022-06-17_IR1_00064,3,0,core_iron,0.0104,53,0.3
P1,A3_B4_P1_2022-06-17_IR1_00064,4,0,core_iron,0.0256,155,0.3
P1,A3_B4_P1_2022-06-17_IR1_00065,0,1,epoxy_surface,0.0095,108,0.3
P1,A3_B4_P1_2022-06-17_IR1_00065,1,2,mold_tr_contact,0.0189,24,0.3
P1,A3_B4_P1_2022-06-17_IR1_00065,2,2,mold_tr_contact,0.0094,6,0.3
P1,A3_B4_P1_2022-06-17_IR1_00065,3,0,core_iron,0.0039,46,0.3
P1,A3_B4_P1_2022-06-17_IR1_00065,4,2,mold_tr_contact,0.0039,6,0.3
P1,A3_B4_P1_2022-06-17_IR1_00065,5,1,epoxy_surface,0.0177,79,0.3
P1,A3_B4_P1_2022-06-17_IR1_00065,6,2,mold_tr_contact,0.0159,17,0.3
P1,A3_B4_P1_2022-06-17_IR1_00065,7,2,mold_tr_contact,0.0008,1,0.3
P1,A3_B4_P1_2022-06-17_IR1_00065,8,1,epoxy_surface,0.0041,42,0.3
P1,A3_B4_P1_2022-06-17_IR1_00065,9,2,mold_tr_contact,0.0093,8,0.3
P1,A3_B4_P1_2022-06-17_IR1_00066,0,2,mold_tr_contact,0.0158,14,0.3
P1,A3_B4_P1_2022-06-17_IR1_00066,1,2,mold_tr_contact,0.0500,85,0.3
P1,A3_B4_P1_2022-06-17_IR1_00066,2,2,mold_tr_contact,0.0176,19,0.3
P1,A3_B4_P1_2022-06-17_IR1_00066,3,2,mold_tr_contact,0.0061,9,0.3
P1,A3_B4_P1_2022-06-17_IR1_00066,4,1,epoxy_surface,0.0169,119,0.3
P1,A3_B4_P1_2022-06-17_IR1_00066,5,1,epoxy_surface,0.0104,97,0.3
P1,A3_B4_P1_2022-06-17_IR1_00066,6,1,epoxy_surface,0.0094,106,0.3
P1,A3_B4_P1_2022-06-17_IR1_00066,7,0,core_iron,0.0068,92,0.3
P1,A3_B4_P1_2022-06-17_IR1_00067,0,1,epoxy_surface,0.0174,111,0.3
P1,A3_B4_P1_2022-06-17_IR1_00067,1,1,epoxy_surface,0.0038,41,0.3
P1,A3_B4_P1_2022-06-17_IR1_00067,2,0,core_iron,0.0039,40,0.3
P1,A3_B4_P1_2022-06-17_IR1_00067,3,2,mold_tr_contact,0.0018,2,0.3
P1,A3_B4_P1_2022-06-17_IR1_00067,4,2,mold_tr_contact,0.0031,3,0.3
P1,A3_B4_P1_2022-06-17_IR1_00067,5,1,epoxy_surface,0.0085,111,0.3
P1,A3_B4_P1_2022-06-17_IR1_00067,6,2,mold_tr_contact,0.0167,14,0.3
P1,A3_B4_P1_2022-06-17_IR1_00068,0,1,epoxy_surface,0.0098,202,0.3
P1,A3_B4_P1_2022-06-17_IR1_00068,1,1,epoxy_surface,0.0031,46,0.3
P1,A3_B4_P1_2022-06-17_IR1_00068,2,0,core_iron,0.0373,201,0.3
P1,A3_B4_P1_2022-06-17_IR1_00069,0,1,epoxy_surface,0.0087,143,0.3
P1,A3_B4_P1_2022-06-17_IR1_00069,1,1,epoxy_surface,0.0176,307,0.3
P1,A3_B4_P1_2022-06-17_IR1_00069,3,0,core_iron,0.0209,64,0.3
P1,A3_B4_P1_2022-06-17_IR1_00070,0,0,core_iron,0.0179,73,0.3
P1,A3_B4_P1_2022-06-17_IR1_00070,1,1,epoxy_surface,0.0050,94,0.3
P1,A3_B4_P1_2022-06-17_IR1_00070,2,1,epoxy_surface,0.0125,224,0.3
P1,A3_B4_P1_2022-06-17_IR1_00071,0,1,epoxy_surface,0.0281,133,0.3
P1,A3_B4_P1_2022-06-17_IR1_00071,1,0,core_iron,0.0042,23,0.3
P1,A3_B4_P1_2022-06-17_IR1_00071,2,1,epoxy_surface,0.0073,129,0.3
P1,A3_B4_P1_2022-06-17_IR1_00071,3,1,epoxy_surface,0.0167,323,0.3
P1,A3_B4_P1_2022-06-17_IR1_00072,0,0,core_iron,0.0018,8,0.3
P1,A3_B4_P1_2022-06-17_IR1_00072,1,1,epoxy_surface,0.0139,286,0.3
P1,A3_B4_P1_2022-06-17_IR1_00072,2,1,epoxy_surface,0.0072,142,0.3
P1,A3_B4_P1_2022-06-17_IR1_00073,0,0,core_iron,0.0143,60,0.3
P1,A3_B4_P1_2022-06-17_IR1_00073,1,1,epoxy_surface,0.0095,169,0.3
P1,A3_B4_P1_2022-06-17_IR1_00073,2,1,epoxy_surface,0.0110,200,0.3
P1,A3_B4_P1_2022-06-17_IR1_00073,3,1,epoxy_surface,0.0067,106,0.3
P1,A3_B4_P1_2022-06-17_IR1_00074,0,1,epoxy_surface,0.0058,85,0.3
P1,A3_B4_P1_2022-06-17_IR1_00074,1,1,epoxy_surface,0.0095,146,0.3
P1,A3_B4_P1_2022-06-17_IR1_00074,2,0,core_iron,0.0265,186,0.3
P1,A3_B4_P1_2022-06-17_IR1_00074,3,1,epoxy_surface,0.0044,64,0.3
P1,A3_B4_P1_2022-06-17_IR1_00075,0,1,epoxy_surface,0.0102,168,0.3
P1,A3_B4_P1_2022-06-17_IR1_00075,1,1,epoxy_surface,0.0142,258,0.3
P1,A3_B4_P1_2022-06-17_IR1_00075,2,1,epoxy_surface,0.0053,93,0.3
P1,A3_B4_P1_2022-06-17_IR1_00075,3,0,core_iron,0.0157,81,0.3
P1,A3_B4_P1_2022-06-17_IR1_00076,0,1,epoxy_surface,0.0111,180,0.3
P1,A3_B4_P1_2022-06-17_IR1_00076,1,1,epoxy_surface,0.0145,245,0.3
P1,A3_B4_P1_2022-06-17_IR1_00076,2,0,core_iron,0.0094,53,0.3
P1,A3_B4_P1_2022-06-17_IR1_00076,3,1,epoxy_surface,0.0054,88,0.3
P1,A3_B4_P1_2022-06-17_IR1_00077,0,1,epoxy_surface,0.0038,62,0.3
P1,A3_B4_P1_2022-06-17_IR1_00077,1,1,epoxy_surface,0.0185,334,0.3
P1,A3_B4_P1_2022-06-17_IR1_00077,2,0,core_iron,0.0198,225,0.3
P1,A3_B4_P1_2022-06-17_IR1_00077,3,1,epoxy_surface,0.0093,123,0.3
P1,A3_B4_P1_2022-06-17_IR1_00078,0,2,mold_tr_contact,0.0105,3,0.3
P1,A3_B4_P1_2022-06-17_IR1_00078,1,1,epoxy_surface,0.0070,89,0.3
P1,A3_B4_P1_2022-06-17_IR1_00078,2,1,epoxy_surface,0.0035,41,0.3
P1,A3_B4_P1_2022-06-17_IR1_00078,3,1,epoxy_surface,0.0228,105,0.3
P1,A3_B4_P1_2022-06-17_IR1_00078,4,2,mold_tr_contact,0.0205,16,0.3
P1,A3_B4_P1_2022-06-17_IR1_00078,6,0,core_iron,0.0049,45,0.3
P1,A3_B4_P1_2022-06-17_IR1_00079,0,1,epoxy_surface,0.0003,1,0.3
P1,A3_B4_P1_2022-06-17_IR1_00079,1,1,epoxy_surface,0.0115,205,0.3
P1,A3_B4_P1_2022-06-17_IR1_00079,2,1,epoxy_surface,0.0029,47,0.3
P1,A3_B4_P1_2022-06-17_IR1_00079,3,0,core_iron,0.0006,2,0.3
P1,A3_B4_P1_2022-06-17_IR1_00080,0,1,epoxy_surface,0.0094,184,0.3
P1,A3_B4_P1_2022-06-17_IR1_00080,1,0,core_iron,0.0036,13,0.3
P1,A3_B4_P1_2022-06-17_IR1_00080,2,1,epoxy_surface,0.0055,89,0.3
P1,A3_B4_P1_2022-06-17_IR1_00081,1,1,epoxy_surface,0.0074,125,0.3
P1,A3_B4_P1_2022-06-17_IR1_00081,2,1,epoxy_surface,0.0121,171,0.3
P1,A3_B4_P1_2022-06-17_IR1_00081,3,0,core_iron,0.0206,89,0.3
P1,A3_B4_P1_2022-06-17_IR1_00081,4,1,epoxy_surface,0.0053,74,0.3
P1,A3_B4_P1_2022-06-17_IR1_00082,0,2,mold_tr_contact,0.0017,2,0.3
P1,A3_B4_P1_2022-06-17_IR1_00082,1,2,mold_tr_contact,0.0204,16,0.3
P1,A3_B4_P1_2022-06-17_IR1_00082,2,2,mold_tr_contact,0.0323,14,0.3
P1,A3_B4_P1_2022-06-17_IR1_00082,3,1,epoxy_surface,0.0063,80,0.3
P1,A3_B4_P1_2022-06-17_IR1_00082,4,1,epoxy_surface,0.0109,121,0.3
P1,A3_B4_P1_2022-06-17_IR1_00082,5,1,epoxy_surface,0.0164,216,0.3
P1,A3_B4_P1_2022-06-17_IR1_00082,6,0,core_iron,0.0054,72,0.3
P1,A3_B4_P1_2022-06-17_IR1_00082,7,2,mold_tr_contact,0.0183,19,0.3
P1,A3_B4_P1_2022-06-17_IR1_00083,0,1,epoxy_surface,0.0166,283,0.3
P1,A3_B4_P1_2022-06-17_IR1_00083,1,0,core_iron,0.0044,43,0.3
P1,A3_B4_P1_2022-06-17_IR1_00083,2,1,epoxy_surface,0.0116,152,0.3
P1,A3_B4_P1_2022-06-17_IR1_00083,3,1,epoxy_surface,0.0039,60,0.3
P1,A3_B4_P1_2022-06-17_IR1_00084,0,1,epoxy_surface,0.0047,64,0.3
P1,A3_B4_P1_2022-06-17_IR1_00084,1,1,epoxy_surface,0.0063,83,0.3
P1,A3_B4_P1_2022-06-17_IR1_00084,2,0,core_iron,0.0221,138,0.3
P1,A3_B4_P1_2022-06-17_IR1_00084,3,1,epoxy_surface,0.0100,146,0.3
P1,A3_B4_P1_2022-06-17_IR1_00085,0,1,epoxy_surface,0.0169,236,0.3
P1,A3_B4_P1_2022-06-17_IR1_00085,1,0,core_iron,0.0281,175,0.3
P1,A3_B4_P1_2022-06-17_IR1_00085,2,0,core_iron,0.0044,21,0.3
P1,A3_B4_P1_2022-06-17_IR1_00085,4,2,mold_tr_contact,0.0231,3,0.3
P1,A3_B4_P1_2022-06-17_IR1_00085,5,1,epoxy_surface,0.0061,80,0.3
P1,A3_B4_P1_2022-06-17_IR1_00085,6,1,epoxy_surface,0.0018,24,0.3
P1,A3_B4_P1_2022-06-17_IR1_00088,0,1,epoxy_surface,0.0125,170,0.3
P1,A3_B4_P1_2022-06-17_IR1_00088,1,1,epoxy_surface,0.0043,80,0.3
P1,A3_B4_P1_2022-06-17_IR1_00088,2,1,epoxy_surface,0.0094,177,0.3
P1,A3_B4_P1_2022-06-17_IR1_00089,0,2,mold_tr_contact,0.0210,15,0.3
P1,A3_B4_P1_2022-06-17_IR1_00089,1,2,mold_tr_contact,0.0084,6,0.3
P1,A3_B4_P1_2022-06-17_IR1_00089,2,1,epoxy_surface,0.0053,60,0.3
P1,A3_B4_P1_2022-06-17_IR1_00089,3,0,core_iron,0.0186,89,0.3
P1,A3_B4_P1_2022-06-17_IR1_00089,4,2,mold_tr_contact,0.0152,10,0.3
P1,A3_B4_P1_2022-06-17_IR1_00089,5,1,epoxy_surface,0.0088,101,0.3
P3,A2_B1_P3_2022-06-03_IR1_00001,2,8,ct_transformer,0.0104,69,0.3
P3,A2_B1_P3_2022-06-03_IR1_00003,1,8,ct_transformer,0.0064,164,0.3
P3,A2_B1_P3_2022-06-03_IR1_00008,2,24,ct_transformer_contact,0.0526,35,0.3
P3,A2_B1_P3_2022-06-03_IR1_00010,0,24,ct_transformer_contact,0.0500,26,0.3
P3,A2_B1_P3_2022-06-03_IR1_00011,1,24,ct_transformer_contact,0.0556,30,0.3
P3,A2_B1_P3_2022-06-03_IR1_00012,0,24,ct_transformer_contact,0.0625,27,0.3
P3,A2_B1_P3_2022-06-03_IR1_00013,2,24,ct_transformer_contact,0.0417,38,0.3
P3,A2_B1_P3_2022-06-03_IR1_00014,0,24,ct_transformer_contact,0.0500,35,0.3
P3,A2_B1_P3_2022-06-03_IR1_00016,2,24,ct_transformer_contact,0.0667,29,0.3
P3,A2_B1_P3_2022-06-03_IR1_00017,0,24,ct_transformer_contact,0.0323,38,0.3
P3,A2_B1_P3_2022-06-03_IR1_00017,3,24,ct_transformer_contact,0.0526,29,0.3
P3,A2_B1_P3_2022-06-03_IR1_00019,0,8,ct_transformer,0.0079,144,0.3
P3,A2_B1_P3_2022-06-03_IR1_00020,0,8,ct_transformer,0.0089,146,0.3
P3,A2_B1_P3_2022-06-03_IR1_00021,1,24,ct_transformer_contact,0.0185,4,0.3
P3,A2_B1_P3_2022-06-03_IR1_00021,3,24,ct_transformer_contact,0.1731,54,0.3
P3,A2_B1_P3_2022-06-03_IR1_00021,4,8,ct_transformer,0.0115,151,0.3
P3,A2_B1_P3_2022-06-03_IR1_00022,0,8,ct_transformer,0.0049,57,0.3
P3,A2_B1_P3_2022-06-03_IR1_00022,1,24,ct_transformer_contact,0.0486,21,0.3
P3,A2_B1_P3_2022-06-03_IR1_00022,2,24,ct_transformer_contact,0.0271,13,0.3
P3,A2_B1_P3_2022-06-03_IR1_00023,0,8,ct_transformer,0.0130,222,0.3
P3,A2_B1_P3_2022-06-03_IR1_00023,1,24,ct_transformer_contact,0.1786,60,0.3
P3,A2_B1_P3_2022-06-03_IR1_00024,0,8,ct_transformer,0.0095,170,0.3
P3,A2_B1_P3_2022-06-03_IR1_00025,0,24,ct_transformer_contact,0.0886,31,0.3
P3,A2_B1_P3_2022-06-03_IR1_00025,1,8,ct_transformer,0.0070,163,0.3
P3,A2_B1_P3_2022-06-03_IR1_00025,2,24,ct_transformer_contact,0.0208,8,0.3
P3,A2_B1_P3_2022-06-03_IR1_00026,0,8,ct_transformer,0.0124,218,0.3
P3,A2_B1_P3_2022-06-03_IR1_00027,0,24,ct_transformer_contact,0.0032,1,0.3
P3,A2_B1_P3_2022-06-03_IR1_00027,1,8,ct_transformer,0.0122,230,0.3
P3,A2_B1_P3_2022-06-03_IR1_00027,2,24,ct_transformer_contact,0.0234,7,0.3
P3,A2_B1_P3_2022-06-03_IR1_00027,3,24,ct_transformer_contact,0.0268,8,0.3
P3,A2_B1_P3_2022-06-03_IR1_00028,0,24,ct_transformer_contact,0.0401,12,0.3
P3,A2_B1_P3_2022-06-03_IR1_00028,1,24,ct_transformer_contact,0.0096,3,0.3
P3,A2_B1_P3_2022-06-03_IR1_00028,2,8,ct_transformer,0.0065,180,0.3
P3,A2_B1_P3_2022-06-03_IR1_00029,0,24,ct_transformer_contact,0.0201,6,0.3
P3,A2_B1_P3_2022-06-03_IR1_00029,1,8,ct_transformer,0.0067,150,0.3
P3,A2_B1_P3_2022-06-03_IR1_00029,2,24,ct_transformer_contact,0.0033,1,0.3
P3,A2_B1_P3_2022-06-03_IR1_00030,0,8,ct_transformer,0.0091,242,0.3
P3,A2_B1_P3_2022-06-03_IR1_00031,0,8,ct_transformer,0.0088,267,0.3
P3,A2_B1_P3_2022-06-03_IR1_00032,0,8,ct_transformer,0.0047,98,0.3
P3,A2_B1_P3_2022-06-03_IR1_00033,0,8,ct_transformer,0.0053,162,0.3
P3,A2_B1_P3_2022-06-03_IR1_00033,1,24,ct_transformer_contact,0.2007,60,0.3
P3,A2_B1_P3_2022-06-03_IR1_00034,1,8,ct_transformer,0.0064,159,0.3
P3,A2_B1_P3_2022-06-03_IR1_00034,3,24,ct_transformer_contact,0.0327,11,0.3
P3,A2_B1_P3_2022-06-03_IR1_00035,1,8,ct_transformer,0.0051,143,0.3
P3,A2_B1_P3_2022-06-03_IR1_00035,2,24,ct_transformer_contact,0.0513,16,0.3
P3,A2_B1_P3_2022-06-03_IR1_00036,0,8,ct_transformer,0.0060,136,0.3
P3,A2_B1_P3_2022-06-03_IR1_00037,1,8,ct_transformer,0.0089,179,0.3
P3,A2_B1_P3_2022-06-03_IR1_00038,0,8,ct_transformer,0.0043,70,0.3
P3,A2_B1_P3_2022-06-03_IR1_00040,0,8,ct_transformer,0.0090,178,0.3
P3,A2_B1_P3_2022-06-03_IR1_00041,0,8,ct_transformer,0.0083,213,0.3
P3,A2_B1_P3_2022-06-03_IR1_00042,0,8,ct_transformer,0.0036,73,0.3
P3,A2_B1_P3_2022-06-03_IR1_00043,0,24,ct_transformer_contact,0.0625,11,0.3
P3,A2_B1_P3_2022-06-03_IR1_00043,1,24,ct_transformer_contact,0.0435,17,0.3
P3,A2_B1_P3_2022-06-03_IR1_00043,2,24,ct_transformer_contact,0.0455,16,0.3
P3,A2_B1_P3_2022-06-03_IR1_00043,3,24,ct_transformer_contact,0.0027,1,0.3
P3,A2_B1_P3_2022-06-03_IR1_00043,4,24,ct_transformer_contact,0.0031,1,0.3
P3,A2_B1_P3_2022-06-03_IR1_00044,0,8,ct_transformer,0.0049,93,0.3
P3,A2_B1_P3_2022-06-03_IR1_00044,3,24,ct_transformer_contact,0.0192,8,0.3
P3,A2_B1_P3_2022-06-03_IR1_00045,0,8,ct_transformer,0.0278,122,0.3
P3,A2_B1_P3_2022-06-03_IR1_00046,4,8,ct_transformer,0.0207,110,0.3
P3,A2_B1_P3_2022-06-03_IR1_00047,1,8,ct_transformer,0.0218,162,0.3
P3,A2_B1_P3_2022-06-03_IR1_00048,4,24,ct_transformer_contact,0.0625,25,0.3
P3,A2_B1_P3_2022-06-03_IR1_00049,0,24,ct_transformer_contact,0.0362,16,0.3
P3,A2_B1_P3_2022-06-03_IR1_00049,3,24,ct_transformer_contact,0.0400,17,0.3
P3,A2_B1_P3_2022-06-03_IR1_00049,4,8,ct_transformer,0.0177,103,0.3
P3,A2_B1_P3_2022-06-03_IR1_00050,0,8,ct_transformer,0.0172,138,0.3
P3,A2_B1_P3_2022-06-03_IR1_00050,4,24,ct_transformer_contact,0.0045,2,0.3
P3,A2_B1_P3_2022-06-03_IR1_00052,4,8,ct_transformer,0.0160,116,0.3
P3,A2_B1_P3_2022-06-03_IR1_00053,0,24,ct_transformer_contact,0.0588,28,0.3
P3,A2_B1_P3_2022-06-03_IR1_00053,2,8,ct_transformer,0.0004,2,0.3
P3,A2_B1_P3_2022-06-03_IR1_00054,3,8,ct_transformer,0.0120,91,0.3
P3,A2_B1_P3_2022-06-03_IR1_00055,3,24,ct_transformer_contact,0.0714,23,0.3
P3,A2_B1_P3_2022-06-03_IR1_00055,4,8,ct_transformer,0.0043,15,0.3
P3,A2_B1_P3_2022-06-03_IR1_00056,3,8,ct_transformer,0.0007,2,0.3
P3,A2_B1_P3_2022-06-03_IR1_00057,2,8,ct_transformer,0.0070,32,0.3
P3,A2_B1_P3_2022-06-03_IR1_00058,3,8,ct_transformer,0.0075,108,0.3
P3,A2_B1_P3_2022-06-03_IR1_00059,1,8,ct_transformer,0.0094,116,0.3
P3,A2_B1_P3_2022-06-03_IR1_00059,5,24,ct_transformer_contact,0.0588,26,0.3
P3,A2_B1_P3_2022-06-03_IR1_00060,0,8,ct_transformer,0.0063,187,0.3
P3,A2_B1_P3_2022-06-03_IR1_00061,0,8,ct_transformer,0.0062,188,0.3
P3,A2_B1_P3_2022-06-03_IR1_00062,0,8,ct_transformer,0.0062,200,0.3
P3,A2_B1_P3_2022-06-03_IR1_00063,0,8,ct_transformer,0.0067,255,0.3
P3,A2_B1_P3_2022-06-03_IR1_00064,0,8,ct_transformer,0.0045,154,0.3
P3,A2_B1_P3_2022-06-03_IR1_00065,0,8,ct_transformer,0.0065,203,0.3
P3,A2_B1_P3_2022-06-03_IR1_00066,0,8,ct_transformer,0.0047,102,0.3
P4,A1_B1_P4_2022-05-12_IR1_00001,0,9,ncl_power_fuse,0.0213,41,0.3
P4,A1_B1_P4_2022-05-12_IR1_00001,1,9,ncl_power_fuse,0.0150,25,0.3
P4,A1_B1_P4_2022-05-12_IR1_00001,2,23,transformer_contact,0.0272,22,0.3
P4,A1_B1_P4_2022-05-12_IR1_00001,3,23,transformer_contact,0.0223,18,0.3
P4,A1_B1_P4_2022-05-12_IR1_00001,4,7,transformer,0.0076,256,0.3
P4,A1_B1_P4_2022-05-12_IR1_00001,5,23,transformer_contact,0.0310,25,0.3
P4,A1_B1_P4_2022-05-12_IR1_00001,6,9,ncl_power_fuse,0.0143,19,0.3
P4,A1_B1_P4_2022-05-12_IR1_00002,0,8,ct_transformer,0.0080,347,0.3
P4,A1_B1_P4_2022-05-12_IR1_00002,1,8,ct_transformer,0.0028,58,0.3
P4,A1_B1_P4_2022-05-12_IR1_00003,0,8,ct_transformer,0.0081,167,0.3
P4,A1_B1_P4_2022-05-12_IR1_00004,0,8,ct_transformer,0.0116,425,0.3
P4,A1_B1_P4_2022-05-12_IR1_00005,0,8,ct_transformer,0.0089,358,0.3
P4,A1_B1_P4_2022-05-12_IR1_00006,0,8,ct_transformer,0.0090,222,0.3
P4,A1_B1_P4_2022-05-12_IR1_00007,0,8,ct_transformer,0.0073,157,0.3
P4,A1_B1_P4_2022-05-12_IR1_00007,1,8,ct_transformer,0.0101,274,0.3
P4,A1_B1_P4_2022-05-12_IR1_00008,0,8,ct_transformer,0.0089,311,0.3
P4,A1_B1_P4_2022-05-12_IR1_00008,2,9,ncl_power_fuse,0.0074,4,0.3
P4,A1_B1_P4_2022-05-12_IR1_00009,0,9,ncl_power_fuse,0.0787,68,0.3
P4,A1_B1_P4_2022-05-12_IR1_00009,2,8,ct_transformer,0.0103,325,0.3
P4,A1_B1_P4_2022-05-12_IR1_00010,0,8,ct_transformer,0.0095,289,0.3
P4,A1_B1_P4_2022-05-12_IR1_00012,0,9,ncl_power_fuse,0.0176,33,0.3
P4,A1_B1_P4_2022-05-12_IR1_00012,1,9,ncl_power_fuse,0.0152,16,0.3
P4,A1_B1_P4_2022-05-12_IR1_00012,2,9,ncl_power_fuse,0.0177,23,0.3
P4,A1_B1_P4_2022-05-12_IR1_00012,3,8,ct_transformer,0.0078,371,0.3
P4,A1_B1_P4_2022-05-12_IR1_00013,0,9,ncl_power_fuse,0.0022,4,0.3
P4,A1_B1_P4_2022-05-12_IR1_00013,1,8,ct_transformer,0.0098,523,0.3
P4,A1_B1_P4_2022-05-12_IR1_00013,2,9,ncl_power_fuse,0.1662,54,0.3
P4,A1_B1_P4_2022-05-12_IR1_00013,3,9,ncl_power_fuse,0.0073,9,0.3
P4,A1_B1_P4_2022-05-12_IR1_00014,0,8,ct_transformer,0.0095,475,0.3
P4,A1_B1_P4_2022-05-12_IR1_00015,0,8,ct_transformer,0.0075,354,0.3
P4,A1_B1_P4_2022-05-12_IR1_00016,0,8,ct_transformer,0.0107,468,0.3
P4,A1_B1_P4_2022-05-12_IR1_00017,0,8,ct_transformer,0.0053,120,0.3
P4,A1_B1_P4_2022-05-12_IR1_00018,0,8,ct_transformer,0.0102,508,0.3
P4,A1_B1_P4_2022-05-12_IR1_00019,0,8,ct_transformer,0.0078,227,0.3
P4,A1_B1_P4_2022-05-12_IR1_00020,0,8,ct_transformer,0.0037,101,0.3
P4,A1_B1_P4_2022-05-12_IR1_00021,0,8,ct_transformer,0.0074,158,0.3
P4,A1_B1_P4_2022-05-12_IR1_00021,1,8,ct_transformer,0.0073,255,0.3
P4,A1_B1_P4_2022-05-12_IR1_00022,0,8,ct_transformer,0.0062,152,0.3
P4,A1_B1_P4_2022-05-12_IR1_00023,0,8,ct_transformer,0.0111,195,0.3
P4,A1_B1_P4_2022-05-12_IR1_00024,0,8,ct_transformer,0.0073,299,0.3
P4,A1_B1_P4_2022-05-12_IR1_00025,0,8,ct_transformer,0.0069,293,0.3
P4,A1_B1_P4_2022-05-12_IR1_00025,1,9,ncl_power_fuse,0.0195,22,0.3
P4,A1_B1_P4_2022-05-12_IR1_00025,2,9,ncl_power_fuse,0.0052,3,0.3
P4,A1_B1_P4_2022-05-12_IR1_00026,0,9,ncl_power_fuse,0.0189,73,0.3
P4,A1_B1_P4_2022-05-12_IR1_00026,1,9,ncl_power_fuse,0.0230,34,0.3
P4,A1_B1_P4_2022-05-12_IR1_00026,2,9,ncl_power_fuse,0.0101,54,0.3
P4,A1_B1_P4_2022-05-12_IR1_00027,0,9,ncl_power_fuse,0.0136,111,0.3
P4,A1_B1_P4_2022-05-12_IR1_00027,1,9,ncl_power_fuse,0.0218,95,0.3
P4,A1_B1_P4_2022-05-12_IR1_00027,2,9,ncl_power_fuse,0.0085,39,0.3
P4,A1_B1_P4_2022-05-12_IR1_00028,0,9,ncl_power_fuse,0.0318,82,0.3
P4,A1_B1_P4_2022-05-12_IR1_00028,1,9,ncl_power_fuse,0.0078,52,0.3
P4,A1_B1_P4_2022-05-12_IR1_00028,2,9,ncl_power_fuse,0.0024,15,0.3
P4,A1_B1_P4_2022-05-12_IR1_00029,0,9,ncl_power_fuse,0.0104,38,0.3
P4,A1_B1_P4_2022-05-12_IR1_00029,1,9,ncl_power_fuse,0.0171,94,0.3
P4,A1_B1_P4_2022-05-12_IR1_00030,0,9,ncl_power_fuse,0.0103,50,0.3
P4,A1_B1_P4_2022-05-12_IR1_00030,1,9,ncl_power_fuse,0.0205,86,0.3
P4,A1_B1_P4_2022-05-12_IR1_00031,0,9,ncl_power_fuse,0.0185,128,0.3
P4,A1_B1_P4_2022-05-12_IR1_00031,1,9,ncl_power_fuse,0.0155,52,0.3
P4,A1_B1_P4_2022-05-12_IR1_00031,2,9,ncl_power_fuse,0.0123,36,0.3
P4,A1_B1_P4_2022-05-12_IR1_00032,0,9,ncl_power_fuse,0.0442,161,0.3
P4,A1_B1_P4_2022-05-12_IR1_00032,1,9,ncl_power_fuse,0.0076,31,0.3
P4,A1_B1_P4_2022-05-12_IR1_00033,0,9,ncl_power_fuse,0.0067,27,0.3
P4,A1_B1_P4_2022-05-12_IR1_00033,1,9,ncl_power_fuse,0.0355,182,0.3
P4,A1_B1_P4_2022-05-12_IR1_00034,0,8,ct_transformer,0.0110,134,0.3
P4,A1_B1_P4_2022-05-12_IR1_00034,1,9,ncl_power_fuse,0.0052,28,0.3
P4,A1_B1_P4_2022-05-12_IR1_00035,0,9,ncl_power_fuse,0.0074,28,0.3
P4,A1_B1_P4_2022-05-12_IR1_00035,1,9,ncl_power_fuse,0.0249,91,0.3
P4,A1_B1_P4_2022-05-12_IR1_00035,2,8,ct_transformer,0.0136,285,0.3
P4,A1_B1_P4_2022-05-12_IR1_00036,0,9,ncl_power_fuse,0.0404,156,0.3
P4,A1_B1_P4_2022-05-12_IR1_00036,1,8,ct_transformer,0.0146,262,0.3
P4,A1_B1_P4_2022-05-12_IR1_00036,2,9,ncl_power_fuse,0.0058,33,0.3
P4,A1_B1_P4_2022-05-12_IR1_00037,0,8,ct_transformer,0.0101,176,0.3
P4,A1_B1_P4_2022-05-12_IR1_00037,1,9,ncl_power_fuse,0.0090,41,0.3
P4,A1_B1_P4_2022-05-12_IR1_00037,2,9,ncl_power_fuse,0.0098,36,0.3
P4,A1_B1_P4_2022-05-12_IR1_00038,0,9,ncl_power_fuse,0.0054,19,0.3
P4,A1_B1_P4_2022-05-12_IR1_00038,1,8,ct_transformer,0.0134,274,0.3
P4,A1_B1_P4_2022-05-12_IR1_00038,2,9,ncl_power_fuse,0.0192,91,0.3
P4,A1_B1_P4_2022-05-12_IR1_00038,3,9,ncl_power_fuse,0.0067,24,0.3
P4,A1_B1_P4_2022-05-12_IR1_00039,1,8,ct_transformer,0.0107,175,0.3
P4,A1_B1_P4_2022-05-12_IR1_00039,2,9,ncl_power_fuse,0.0092,29,0.3
P4,A1_B1_P4_2022-05-12_IR1_00040,0,8,ct_transformer,0.0131,162,0.3
P4,A1_B1_P4_2022-05-12_IR1_00041,0,9,ncl_power_fuse,0.0090,20,0.3
P4,A1_B1_P4_2022-05-12_IR1_00041,1,8,ct_transformer,0.0103,430,0.3
P4,A1_B1_P4_2022-05-12_IR1_00041,2,9,ncl_power_fuse,0.0087,38,0.3
P4,A1_B1_P4_2022-05-12_IR1_00041,3,9,ncl_power_fuse,0.0274,97,0.3
P4,A1_B1_P4_2022-05-12_IR1_00042,0,9,ncl_power_fuse,0.0235,102,0.3
P4,A1_B1_P4_2022-05-12_IR1_00042,1,8,ct_transformer,0.0109,433,0.3
P4,A1_B1_P4_2022-05-12_IR1_00042,2,9,ncl_power_fuse,0.0072,20,0.3
P4,A1_B1_P4_2022-05-12_IR1_00042,3,9,ncl_power_fuse,0.0086,27,0.3
P4,A1_B1_P4_2022-05-12_IR1_00043,0,9,ncl_power_fuse,0.0118,27,0.3
P4,A1_B1_P4_2022-05-12_IR1_00043,1,8,ct_transformer,0.0110,473,0.3
P4,A1_B1_P4_2022-05-12_IR1_00044,0,9,ncl_power_fuse,0.0055,18,0.3
P4,A1_B1_P4_2022-05-12_IR1_00044,1,9,ncl_power_fuse,0.0072,20,0.3
P4,A1_B1_P4_2022-05-12_IR1_00044,2,8,ct_transformer,0.0110,445,0.3
P4,A1_B1_P4_2022-05-12_IR1_00045,0,9,ncl_power_fuse,0.0131,22,0.3
P4,A1_B1_P4_2022-05-12_IR1_00045,1,8,ct_transformer,0.0078,235,0.3
P4,A1_B1_P4_2022-05-12_IR1_00046,0,9,ncl_power_fuse,0.0179,35,0.3
P4,A1_B1_P4_2022-05-12_IR1_00046,1,9,ncl_power_fuse,0.0007,1,0.3
P4,A1_B1_P4_2022-05-12_IR1_00046,2,8,ct_transformer,0.0078,226,0.3
P4,A1_B1_P4_2022-05-12_IR1_00047,0,9,ncl_power_fuse,0.0065,18,0.3
P4,A1_B1_P4_2022-05-12_IR1_00047,1,8,ct_transformer,0.0047,86,0.3
P4,A1_B1_P4_2022-05-12_IR1_00048,0,8,ct_transformer,0.0072,97,0.3
P4,A1_B1_P4_2022-05-12_IR1_00048,1,9,ncl_power_fuse,0.0027,11,0.3
P4,A1_B1_P4_2022-05-12_IR1_00048,2,9,ncl_power_fuse,0.0011,4,0.3
P4,A1_B1_P4_2022-05-12_IR1_00049,0,8,ct_transformer,0.0072,260,0.3
P4,A1_B1_P4_2022-05-12_IR1_00050,0,9,ncl_power_fuse,0.0002,1,0.3
P4,A1_B1_P4_2022-05-12_IR1_00050,1,9,ncl_power_fuse,0.0074,27,0.3
P4,A1_B1_P4_2022-05-12_IR1_00050,2,9,ncl_power_fuse,0.0091,36,0.3
P4,A1_B1_P4_2022-05-12_IR1_00051,0,9,ncl_power_fuse,0.0114,38,0.3
P4,A1_B1_P4_2022-05-12_IR1_00051,1,9,ncl_power_fuse,0.0294,119,0.3
P4,A1_B1_P4_2022-05-12_IR1_00052,0,9,ncl_power_fuse,0.0118,60,0.3
P4,A1_B1_P4_2022-05-12_IR1_00053,0,9,ncl_power_fuse,0.0132,62,0.3
P4,A1_B1_P4_2022-05-12_IR1_00053,1,9,ncl_power_fuse,0.0240,35,0.3
P4,A1_B1_P4_2022-05-12_IR1_00054,0,9,ncl_power_fuse,0.0111,41,0.3
P4,A1_B1_P4_2022-05-12_IR1_00054,1,9,ncl_power_fuse,0.0109,53,0.3
P4,A1_B1_P4_2022-05-12_IR1_00054,2,9,ncl_power_fuse,0.0230,31,0.3
P4,A1_B1_P4_2022-05-12_IR1_00055,0,9,ncl_power_fuse,0.0271,73,0.3
P4,A1_B1_P4_2022-05-12_IR1_00055,1,9,ncl_power_fuse,0.0110,42,0.3
P4,A1_B1_P4_2022-05-12_IR1_00056,0,9,ncl_power_fuse,0.0132,58,0.3
P4,A1_B1_P4_2022-05-12_IR1_00057,0,9,ncl_power_fuse,0.0105,55,0.3
P4,A1_B1_P4_2022-05-12_IR1_00058,0,9,ncl_power_fuse,0.0080,40,0.3
P4,A1_B1_P4_2022-05-12_IR1_00058,1,9,ncl_power_fuse,0.0276,81,0.3
P4,A1_B1_P4_2022-05-12_IR1_00059,0,9,ncl_power_fuse,0.0344,90,0.3
P4,A1_B1_P4_2022-05-12_IR1_00059,1,9,ncl_power_fuse,0.0083,47,0.3
P4,A1_B1_P4_2022-05-12_IR1_00060,0,9,ncl_power_fuse,0.0096,39,0.3
P4,A1_B1_P4_2022-05-12_IR1_00060,1,9,ncl_power_fuse,0.0162,98,0.3
P4,A1_B1_P4_2022-05-12_IR1_00060,2,9,ncl_power_fuse,0.0249,64,0.3
P4,A1_B1_P4_2022-05-12_IR1_00061,0,9,ncl_power_fuse,0.0110,63,0.3
P4,A1_B1_P4_2022-05-12_IR1_00061,1,9,ncl_power_fuse,0.0196,73,0.3
P4,A1_B1_P4_2022-05-12_IR1_00062,0,9,ncl_power_fuse,0.0006,2,0.3
P4,A1_B1_P4_2022-05-12_IR1_00062,1,9,ncl_power_fuse,0.0128,49,0.3
P4,A1_B1_P4_2022-05-12_IR1_00063,0,9,ncl_power_fuse,0.0020,11,0.3
P4,A1_B1_P4_2022-05-12_IR1_00063,1,9,ncl_power_fuse,0.0120,51,0.3
P4,A1_B1_P4_2022-05-12_IR1_00064,0,9,ncl_power_fuse,0.0132,33,0.3
P4,A1_B1_P4_2022-05-12_IR1_00064,1,9,ncl_power_fuse,0.0181,54,0.3
P4,A1_B1_P4_2022-05-12_IR1_00064,2,9,ncl_power_fuse,0.0250,61,0.3
P4,A1_B1_P4_2022-05-12_IR1_00065,0,9,ncl_power_fuse,0.0181,35,0.3
P4,A1_B1_P4_2022-05-12_IR1_00065,1,9,ncl_power_fuse,0.0141,56,0.3
P4,A1_B1_P4_2022-05-12_IR1_00068,1,8,ct_transformer,0.0176,91,0.3
P4,A1_B1_P4_2022-05-12_IR1_00069,0,8,ct_transformer,0.0068,193,0.3
P4,A1_B1_P4_2022-05-12_IR1_00070,0,8,ct_transformer,0.0066,210,0.3
P4,A1_B1_P4_2022-05-12_IR1_00072,0,8,ct_transformer,0.0093,101,0.3
P4,A1_B1_P4_2022-05-12_IR1_00073,0,8,ct_transformer,0.0037,64,0.3
P4,A1_B1_P4_2022-05-12_IR1_00077,0,24,ct_transformer_contact,0.0345,71,0.3
P4,A1_B1_P4_2022-05-12_IR1_00078,4,24,ct_transformer_contact,0.0455,69,0.3
P4,A1_B1_P4_2022-05-12_IR1_00079,2,24,ct_transformer_contact,0.0476,51,0.3
P4,A1_B1_P4_2022-05-12_IR1_00080,1,24,ct_transformer_contact,0.0500,54,0.3
P4,A1_B1_P4_2022-05-12_IR1_00080,2,9,ncl_power_fuse,0.0333,84,0.3
P4,A1_B1_P4_2022-05-12_IR1_00080,3,24,ct_transformer_contact,0.0385,62,0.3
P4,A1_B1_P4_2022-05-12_IR1_00081,0,9,ncl_power_fuse,0.0385,49,0.3
P4,A1_B1_P4_2022-05-12_IR1_00081,1,9,ncl_power_fuse,0.0196,12,0.3
P4,A1_B1_P4_2022-05-12_IR1_00081,2,9,ncl_power_fuse,0.0027,3,0.3
P4,A1_B1_P4_2022-05-12_IR1_00082,3,9,ncl_power_fuse,0.0192,22,0.3
P4,A1_B1_P4_2022-05-12_IR1_00085,0,24,ct_transformer_contact,0.0292,47,0.3
P4,A1_B1_P4_2022-05-12_IR1_00087,1,24,ct_transformer_contact,0.0021,3,0.3
P4,A1_B1_P4_2022-05-12_IR1_00088,0,9,ncl_power_fuse,0.0059,26,0.3
P4,A1_B1_P4_2022-05-12_IR1_00088,1,9,ncl_power_fuse,0.0006,1,0.3
P4,A1_B1_P4_2022-05-12_IR1_00088,2,9,ncl_power_fuse,0.0404,48,0.3
P4,A1_B1_P4_2022-05-12_IR1_00090,2,24,ct_transformer_contact,0.0207,25,0.3
P4,A1_B1_P4_2022-05-12_IR1_00092,0,8,ct_transformer,0.0068,326,0.3
P4,A1_B1_P4_2022-05-12_IR1_00093,0,8,ct_transformer,0.0080,370,0.3
P4,A1_B1_P4_2022-05-12_IR1_00094,0,8,ct_transformer,0.0088,420,0.3
P4,A1_B1_P4_2022-05-12_IR1_00095,0,8,ct_transformer,0.0093,415,0.3
P4,A1_B1_P4_2022-05-12_IR1_00096,0,8,ct_transformer,0.0071,358,0.3
P4,A1_B1_P4_2022-05-12_IR1_00097,0,8,ct_transformer,0.0223,134,0.3
P4,A1_B1_P4_2022-05-12_IR1_00097,1,8,ct_transformer,0.0064,267,0.3
P4,A1_B1_P4_2022-05-12_IR1_00098,0,8,ct_transformer,0.0048,134,0.3
P4,A1_B1_P4_2022-05-12_IR1_00099,0,8,ct_transformer,0.0117,313,0.3
P4,A1_B1_P4_2022-05-12_IR1_00100,0,8,ct_transformer,0.0079,300,0.3
P4,A1_B1_P4_2022-05-12_IR1_00101,0,8,ct_transformer,0.0049,146,0.3
P4,A1_B1_P4_2022-05-12_IR1_00102,0,8,ct_transformer,0.0086,346,0.3
P4,A1_B1_P4_2022-05-12_IR1_00103,0,8,ct_transformer,0.0101,287,0.3
P4,A1_B1_P4_2022-05-12_IR1_00103,1,8,ct_transformer,0.0049,190,0.3
P4,A1_B1_P4_2022-05-12_IR1_00104,0,8,ct_transformer,0.0089,233,0.3
P4,A1_B1_P4_2022-05-12_IR1_00105,0,8,ct_transformer,0.0084,336,0.3
P4,A1_B1_P4_2022-05-12_IR1_00106,0,8,ct_transformer,0.0072,260,0.3
P4,A1_B1_P4_2022-05-12_IR1_00106,1,8,ct_transformer,0.0100,313,0.3
P4,A1_B1_P4_2022-05-12_IR1_00107,0,8,ct_transformer,0.0076,247,0.3
P4,A1_B1_P4_2022-05-12_IR1_00108,0,8,ct_transformer,0.0096,264,0.3
P4,A1_B1_P4_2022-05-12_IR1_00108,1,8,ct_transformer,0.0072,267,0.3
P4,A1_B1_P4_2022-05-12_IR1_00109,0,8,ct_transformer,0.0084,218,0.3
P4,A1_B1_P4_2022-05-12_IR1_00109,1,8,ct_transformer,0.0075,266,0.3
P4,A1_B1_P4_2022-05-12_IR1_00111,0,9,ncl_power_fuse,0.0214,36,0.3
P4,A1_B1_P4_2022-05-12_IR1_00111,1,8,ct_transformer,0.0084,160,0.3
P4,A1_B1_P4_2022-05-12_IR1_00112,0,8,ct_transformer,0.0120,252,0.3
P4,A1_B1_P4_2022-05-12_IR1_00112,1,8,ct_transformer,0.0084,209,0.3
P4,A1_B1_P4_2022-05-12_IR1_00112,2,9,ncl_power_fuse,0.0222,21,0.3
P4,A1_B1_P4_2022-05-12_IR1_00112,3,9,ncl_power_fuse,0.0144,12,0.3
P4,A1_B1_P4_2022-05-12_IR1_00112,4,9,ncl_power_fuse,0.0138,17,0.3
P4,A1_B1_P4_2022-06-03_IR1_00003,0,8,ct_transformer,0.0070,211,0.3
P4,A1_B1_P4_2022-06-03_IR1_00004,0,9,ncl_power_fuse,0.0063,59,0.3
P4,A1_B1_P4_2022-06-03_IR1_00004,1,9,ncl_power_fuse,0.0091,34,0.3
P4,A1_B1_P4_2022-06-03_IR1_00005,0,9,ncl_power_fuse,0.0068,36,0.3
P4,A1_B1_P4_2022-06-03_IR1_00005,1,9,ncl_power_fuse,0.0240,148,0.3
P4,A1_B1_P4_2022-06-03_IR1_00007,0,9,ncl_power_fuse,0.0047,32,0.3
P4,A1_B1_P4_2022-06-03_IR1_00007,1,9,ncl_power_fuse,0.0060,30,0.3
P4,A1_B1_P4_2022-06-03_IR1_00009,0,9,ncl_power_fuse,0.0069,32,0.3
P4,A1_B1_P4_2022-06-03_IR1_00009,1,9,ncl_power_fuse,0.0073,34,0.3
P4,A1_B1_P4_2022-06-03_IR1_00010,1,9,ncl_power_fuse,0.0007,4,0.3
P4,A1_B1_P4_2022-06-03_IR1_00011,0,9,ncl_power_fuse,0.0252,144,0.3
P4,A1_B1_P4_2022-06-03_IR1_00011,1,9,ncl_power_fuse,0.0074,34,0.3
P4,A1_B1_P4_2022-06-03_IR1_00012,0,9,ncl_power_fuse,0.0003,2,0.3
P4,A1_B1_P4_2022-06-03_IR1_00012,1,9,ncl_power_fuse,0.0069,54,0.3
P4,A1_B1_P4_2022-06-03_IR1_00013,0,9,ncl_power_fuse,0.0273,119,0.3
P4,A1_B1_P4_2022-06-03_IR1_00013,1,9,ncl_power_fuse,0.0052,29,0.3
P4,A1_B1_P4_2022-06-03_IR1_00013,2,9,ncl_power_fuse,0.0038,19,0.3
P4,A1_B1_P4_2022-06-03_IR1_00014,0,9,ncl_power_fuse,0.0041,20,0.3
P4,A1_B1_P4_2022-06-03_IR1_00014,1,9,ncl_power_fuse,0.0041,22,0.3
P4,A1_B1_P4_2022-06-03_IR1_00014,2,9,ncl_power_fuse,0.0070,36,0.3
P4,A1_B1_P4_2022-06-03_IR1_00015,0,9,ncl_power_fuse,0.0162,96,0.3
P4,A1_B1_P4_2022-06-03_IR1_00015,1,9,ncl_power_fuse,0.0030,20,0.3
P4,A1_B1_P4_2022-06-03_IR1_00015,2,9,ncl_power_fuse,0.0051,28,0.3
P4,A1_B1_P4_2022-06-03_IR1_00016,0,9,ncl_power_fuse,0.0176,147,0.3
P4,A1_B1_P4_2022-06-03_IR1_00016,1,9,ncl_power_fuse,0.0052,30,0.3
P4,A1_B1_P4_2022-06-03_IR1_00016,2,9,ncl_power_fuse,0.0061,43,0.3
P4,A1_B1_P4_2022-06-03_IR1_00017,0,9,ncl_power_fuse,0.0194,159,0.3
P4,A1_B1_P4_2022-06-03_IR1_00017,1,9,ncl_power_fuse,0.0058,35,0.3
P4,A1_B1_P4_2022-06-03_IR1_00018,1,9,ncl_power_fuse,0.0215,128,0.3
P4,A1_B1_P4_2022-06-03_IR1_00019,0,9,ncl_power_fuse,0.0224,132,0.3
P4,A1_B1_P4_2022-06-03_IR1_00019,1,9,ncl_power_fuse,0.0062,50,0.3
P4,A1_B1_P4_2022-06-03_IR1_00020,0,9,ncl_power_fuse,0.0056,36,0.3
P4,A1_B1_P4_2022-06-03_IR1_00020,1,9,ncl_power_fuse,0.0159,154,0.3
P4,A1_B1_P4_2022-06-03_IR1_00021,1,9,ncl_power_fuse,0.0155,150,0.3
P4,A1_B1_P4_2022-06-03_IR1_00022,0,9,ncl_power_fuse,0.0149,128,0.3
P4,A1_B1_P4_2022-06-03_IR1_00022,1,9,ncl_power_fuse,0.0058,40,0.3
P4,A1_B1_P4_2022-06-03_IR1_00023,0,9,ncl_power_fuse,0.0125,31,0.3
P4,A1_B1_P4_2022-06-03_IR1_00024,0,9,ncl_power_fuse,0.0168,132,0.3
P4,A1_B1_P4_2022-06-03_IR1_00024,1,9,ncl_power_fuse,0.0105,60,0.3
P4,A1_B1_P4_2022-06-03_IR1_00025,0,8,ct_transformer,0.0066,238,0.3
P4,A1_B1_P4_2022-06-03_IR1_00026,0,8,ct_transformer,0.0026,34,0.3
P4,A1_B1_P4_2022-06-03_IR1_00026,1,8,ct_transformer,0.0057,241,0.3
P4,A1_B1_P4_2022-06-03_IR1_00027,0,8,ct_transformer,0.0065,237,0.3
P4,A1_B1_P4_2022-06-03_IR1_00027,1,8,ct_transformer,0.0049,58,0.3
P4,A1_B1_P4_2022-06-03_IR1_00028,0,8,ct_transformer,0.0080,219,0.3
P4,A1_B1_P4_2022-06-03_IR1_00029,0,8,ct_transformer,0.0063,254,0.3
P4,A1_B1_P4_2022-06-03_IR1_00030,0,8,ct_transformer,0.0041,64,0.3
P4,A1_B1_P4_2022-06-03_IR1_00030,1,8,ct_transformer,0.0064,238,0.3
P4,A1_B1_P4_2022-06-03_IR1_00031,0,8,ct_transformer,0.0034,109,0.3
P4,A1_B1_P4_2022-06-03_IR1_00032,0,8,ct_transformer,0.0066,230,0.3
P4,A1_B1_P4_2022-06-03_IR1_00033,0,8,ct_transformer,0.0066,194,0.3
P4,A1_B1_P4_2022-06-03_IR1_00034,0,8,ct_transformer,0.0104,327,0.3
P4,A1_B1_P4_2022-06-03_IR1_00036,0,8,ct_transformer,0.0071,111,0.3
P4,A1_B1_P4_2022-06-03_IR1_00036,1,8,ct_transformer,0.0126,222,0.3
P4,A1_B1_P4_2022-06-03_IR1_00037,0,8,ct_transformer,0.0069,110,0.3
P4,A1_B1_P4_2022-06-03_IR1_00038,0,9,ncl_power_fuse,0.0074,11,0.3
P4,A1_B1_P4_2022-06-03_IR1_00038,1,8,ct_transformer,0.0115,316,0.3
P4,A1_B1_P4_2022-06-03_IR1_00039,1,8,ct_transformer,0.0103,347,0.3
P4,A1_B1_P4_2022-06-03_IR1_00040,0,8,ct_transformer,0.0109,324,0.3
P4,A1_B1_P4_2022-06-03_IR1_00041,1,9,ncl_power_fuse,0.0197,18,0.3
P4,A1_B1_P4_2022-06-03_IR1_00041,2,8,ct_transformer,0.0107,308,0.3
P4,A1_B1_P4_2022-06-03_IR1_00042,0,8,ct_transformer,0.0075,244,0.3
P4,A1_B1_P4_2022-06-03_IR1_00043,0,8,ct_transformer,0.0077,263,0.3
P4,A1_B1_P4_2022-06-03_IR1_00044,0,8,ct_transformer,0.0083,218,0.3
P4,A1_B1_P4_2022-06-03_IR1_00044,1,9,ncl_power_fuse,0.0367,42,0.3
P4,A1_B1_P4_2022-06-03_IR1_00045,0,8,ct_transformer,0.0067,261,0.3
P4,A1_B1_P4_2022-06-03_IR1_00046,0,8,ct_transformer,0.0031,65,0.3
P4,A1_B1_P4_2022-06-03_IR1_00046,1,8,ct_transformer,0.0077,344,0.3
P4,A1_B1_P4_2022-06-03_IR1_00047,0,8,ct_transformer,0.0074,310,0.3
P4,A1_B1_P4_2022-06-03_IR1_00048,0,8,ct_transformer,0.0041,144,0.3
P4,A1_B1_P4_2022-06-03_IR1_00048,1,9,ncl_power_fuse,0.0156,18,0.3
P4,A1_B1_P4_2022-06-03_IR1_00048,2,9,ncl_power_fuse,0.0208,23,0.3
P4,A1_B1_P4_2022-06-03_IR1_00048,3,9,ncl_power_fuse,0.0014,2,0.3
P4,A1_B1_P4_2022-06-03_IR1_00049,0,8,ct_transformer,0.0041,142,0.3
P4,A1_B1_P4_2022-06-03_IR1_00049,3,9,ncl_power_fuse,0.0249,18,0.3
P4,A1_B1_P4_2022-06-03_IR1_00050,0,8,ct_transformer,0.0042,148,0.3
P4,A1_B1_P4_2022-06-03_IR1_00051,0,8,ct_transformer,0.0045,147,0.3
P4,A1_B1_P4_2022-06-03_IR1_00052,0,8,ct_transformer,0.0002,2,0.3
P4,A1_B1_P4_2022-06-03_IR1_00052,1,8,ct_transformer,0.0074,229,0.3
P4,A1_B1_P4_2022-06-03_IR1_00053,0,8,ct_transformer,0.0076,277,0.3
P4,A1_B1_P4_2022-06-03_IR1_00054,0,8,ct_transformer,0.0087,354,0.3
P4,A1_B1_P4_2022-06-03_IR1_00055,0,8,ct_transformer,0.0080,211,0.3
P4,A1_B1_P4_2022-06-17_IR1_00001,0,8,ct_transformer,0.0063,217,0.3
P4,A1_B1_P4_2022-06-17_IR1_00002,0,8,ct_transformer,0.0062,219,0.3
P4,A1_B1_P4_2022-06-17_IR1_00003,0,8,ct_transformer,0.0048,130,0.3
P4,A1_B1_P4_2022-06-17_IR1_00004,0,8,ct_transformer,0.0118,313,0.3
P4,A1_B1_P4_2022-06-17_IR1_00005,0,8,ct_transformer,0.0087,314,0.3
P4,A1_B1_P4_2022-06-17_IR1_00006,0,9,ncl_power_fuse,0.0135,13,0.3
P4,A1_B1_P4_2022-06-17_IR1_00006,1,8,ct_transformer,0.0087,205,0.3
P4,A1_B1_P4_2022-06-17_IR1_00007,0,8,ct_transformer,0.0089,318,0.3
P4,A1_B1_P4_2022-06-17_IR1_00007,1,8,ct_transformer,0.0060,110,0.3
P4,A1_B1_P4_2022-06-17_IR1_00008,1,8,ct_transformer,0.0141,223,0.3
P4,A1_B1_P4_2022-06-17_IR1_00009,0,8,ct_transformer,0.0100,189,0.3
P4,A1_B1_P4_2022-06-17_IR1_00010,0,8,ct_transformer,0.0045,75,0.3
P4,A1_B1_P4_2022-06-17_IR1_00010,1,8,ct_transformer,0.0083,324,0.3
P4,A1_B1_P4_2022-06-17_IR1_00011,0,9,ncl_power_fuse,0.0028,2,0.3
P4,A1_B1_P4_2022-06-17_IR1_00011,1,8,ct_transformer,0.0045,105,0.3
P4,A1_B1_P4_2022-06-17_IR1_00012,0,8,ct_transformer,0.0067,284,0.3
P4,A1_B1_P4_2022-06-17_IR1_00014,0,8,ct_transformer,0.0101,103,0.3
P4,A1_B1_P4_2022-06-17_IR1_00015,0,8,ct_transformer,0.0076,104,0.3
P4,A1_B1_P4_2022-06-17_IR1_00017,0,8,ct_transformer,0.0048,140,0.3
P4,A1_B1_P4_2022-06-17_IR1_00018,0,8,ct_transformer,0.0093,206,0.3
P4,A1_B1_P4_2022-06-17_IR1_00019,0,8,ct_transformer,0.0048,139,0.3
P4,A1_B1_P4_2022-06-17_IR1_00019,1,8,ct_transformer,0.0002,3,0.3
P4,A1_B1_P4_2022-06-17_IR1_00020,0,8,ct_transformer,0.0076,235,0.3
P4,A1_B1_P4_2022-06-17_IR1_00021,0,8,ct_transformer,0.0042,131,0.3
P4,A1_B1_P4_2022-06-17_IR1_00022,0,8,ct_transformer,0.0111,322,0.3
P4,A1_B1_P4_2022-06-17_IR1_00022,1,8,ct_transformer,0.0102,199,0.3
P4,A1_B1_P4_2022-06-17_IR1_00023,0,8,ct_transformer,0.0051,145,0.3
P4,A1_B1_P4_2022-06-17_IR1_00024,0,8,ct_transformer,0.0078,225,0.3
P4,A1_B1_P4_2022-06-17_IR1_00025,0,8,ct_transformer,0.0068,235,0.3
